hhid,sex,kq2_b,kq2_c,kq2_d,kq2_e,kq2_f,kq2_g,kq7,kq33_a,kq33_b,kq34,kq37,kq38,kq39,kq40,kq41,kq42
10739,1,3,4,2,4,4,2,3,2,1,4,1,2,1,1,1,2
17601,1,4,2,2,3,3,2,3,2,1,1,3,1,3,4,1,2
20143,1,4,4,1,4,3,3,3,3,4,4,4,2,2,2,1,2
10210,1,4,3,4,4,3,4,2,2,1,2,4,1,1,1,2,8
27221,1,3,3,3,4,4,3,1,2,1,3,3,1,1,1,1,2
26172,1,2,4,3,3,3,4,3,2,2,1,4,1,3,4,1,2
27245,1,4,1,2,4,4,4,1,2,2,4,2,1,4,2,2,1
24634,1,3,2,1,3,4,3,2,1,1,3,1,1,2,2,2,2
13725,1,3,1,1,1,4,2,1,4,2,1,1,2,1,1,1,2
31206,1,3,2,2,2,4,3,1,2,2,2,1,1,1,2,1,1
16519,1,3,3,2,3,3,3,3,1,4,2,2,1,1,1,1,1
12228,1,4,2,3,4,4,4,3,1,1,2,2,1,2,2,1,2
52207,1,3,2,2,4,3,3,1,2,2,3,1,1,2,2,1,2
22147,1,4,2,1,4,3,3,3,2,1,3,2,1,3,4,1,1
26221,1,3,2,3,2,3,2,3,2,4,3,1,1,1,2,2,2
23143,1,2,1,1,3,4,3,1,2,1,2,1,1,1,1,2,2
25203,1,3,3,1,4,4,3,2,2,1,3,3,1,4,4,2,2
28542,1,2,3,2,2,4,2,1,2,2,3,3,1,4,2,1,2
27134,1,4,2,1,4,2,1,1,2,2,2,1,1,2,2,1,2
25233,1,9,2,2,3,4,3,1,2,1,3,2,1,2,2,1,2
22217,1,1,1,3,4,3,2,1,2,2,2,3,1,2,2,2,1
28239,1,1,9,2,4,3,1,1,3,2,3,4,1,1,4,1,2
12633,1,3,1,2,3,3,2,1,2,2,3,3,1,2,2,1,2
14032,1,2,4,1,3,4,3,1,2,1,3,1,3,2,1,2,1
16543,1,1,1,4,2,4,3,3,2,1,2,1,1,2,2,1,1
26613,1,3,1,1,4,4,1,1,1,3,4,4,3,1,1,1,2
25215,1,1,1,2,4,4,4,1,1,1,3,4,1,3,3,2,2
15711,1,3,3,3,4,4,3,3,3,2,3,3,1,2,2,2,2
34109,1,4,4,3,3,4,4,3,2,1,4,4,1,1,8,1,1
20711,1,8,8,8,8,8,8,3,1,1,4,3,2,2,2,8,2
21210,1,4,1,3,3,4,2,2,2,1,1,3,1,1,1,2,2
19115,1,2,1,2,4,2,2,3,2,3,2,3,1,2,2,2,1
27121,1,3,1,1,4,4,2,1,1,3,3,1,1,1,2,1,2
16047,1,4,3,2,4,4,3,1,2,1,3,3,1,2,1,1,1
15522,1,3,1,1,4,4,3,3,1,2,2,2,1,1,1,1,2
28532,1,3,3,2,4,3,4,3,2,3,4,1,1,1,1,1,2
22206,1,1,1,3,4,3,1,1,4,2,3,1,1,4,2,2,2
43006,1,4,1,1,4,4,2,3,2,2,2,2,2,4,4,2,2
34205,1,3,1,3,4,2,4,3,1,1,2,1,1,1,2,1,1
19605,1,3,2,1,3,4,2,1,2,1,1,2,1,2,2,2,1
14021,1,3,3,3,4,4,2,1,3,1,4,4,1,1,2,2,2
31510,1,3,2,1,3,4,3,3,1,1,2,1,1,1,2,2,2
26035,1,4,2,3,4,4,1,1,1,1,3,2,1,3,4,1,1
16229,1,4,4,3,4,3,3,3,2,2,2,4,1,4,4,2,1
13554,1,4,4,2,4,4,4,2,2,2,4,1,1,1,1,2,2
12146,1,2,3,2,8,3,2,3,4,4,1,1,1,4,4,1,1
27202,1,4,4,1,4,4,4,1,3,1,2,3,1,1,4,1,2
20503,1,4,3,3,4,3,2,3,2,2,2,4,1,1,2,2,2
26520,1,2,2,3,1,4,3,1,1,2,2,1,1,1,1,2,2
26101,1,3,4,3,3,3,2,1,4,2,4,4,1,3,2,2,2
14139,1,3,1,3,2,4,1,3,2,2,2,2,1,1,2,2,1
45107,1,1,2,2,3,4,1,1,2,1,2,2,2,1,1,2,2
26725,1,1,1,4,4,4,2,9,2,2,4,3,1,2,2,2,1
25645,1,2,2,2,4,4,2,3,2,2,4,2,1,1,2,2,2
23631,1,2,2,3,4,4,3,1,2,2,2,1,1,2,3,1,1
11204,1,3,4,3,4,2,4,1,4,2,3,1,1,2,1,1,2
16704,1,3,2,4,1,3,4,3,3,3,3,1,1,4,2,2,2
28507,1,3,2,2,3,3,3,3,1,1,2,4,1,4,3,1,1
35712,1,3,1,3,3,4,4,1,2,1,2,2,1,2,1,2,2
11732,1,2,1,2,3,4,2,3,2,2,3,3,1,1,1,1,2
12117,1,1,2,2,3,4,2,1,1,1,2,4,1,1,1,2,1
50518,1,3,1,1,1,4,3,1,1,1,2,1,1,3,2,1,1
11629,1,2,2,2,4,4,2,3,3,2,1,3,1,2,2,2,1
28728,1,4,1,2,4,1,4,3,1,1,2,4,1,3,1,2,2
24701,1,3,2,1,2,3,2,1,2,3,3,2,1,1,1,2,1
16022,1,4,4,2,4,4,2,3,2,1,2,3,1,1,1,1,1
28750,1,4,1,1,3,2,2,1,1,1,1,4,4,1,1,2,1
25030,1,3,9,9,4,3,2,3,1,1,4,2,1,4,3,1,1
27004,1,4,4,3,4,4,4,3,2,4,4,3,1,4,2,1,1
22202,1,2,3,2,4,4,2,1,2,2,2,2,1,1,1,1,1
35017,1,1,4,3,4,4,4,1,4,4,4,4,3,1,3,1,1
15107,1,1,1,4,4,2,4,1,2,1,3,2,1,2,3,1,2
15507,1,2,1,4,3,4,4,1,3,1,3,4,2,4,4,2,1
25512,1,4,1,1,4,4,2,3,3,2,3,4,2,2,2,1,2
17635,1,3,4,2,3,4,3,3,4,4,4,2,1,2,2,1,2
30110,1,2,3,3,4,3,4,3,4,1,4,3,1,2,3,2,2
15529,1,4,4,2,4,4,4,3,2,1,2,1,2,2,2,1,1
11229,1,2,1,3,3,4,2,1,2,3,3,2,3,4,1,1,2
30514,1,3,2,4,4,4,3,3,4,2,2,3,1,1,1,2,2
28617,1,4,1,3,2,4,4,3,2,1,2,3,1,2,3,1,2
11619,1,2,2,3,2,4,2,1,3,3,2,1,1,1,2,2,1
27740,1,3,4,4,4,4,3,1,1,2,2,3,1,4,4,1,2
28775,1,2,4,4,4,4,2,1,2,2,2,2,1,2,2,2,2
13202,1,2,4,2,4,4,2,1,2,1,1,1,1,2,2,1,2
37510,1,3,1,3,3,4,2,3,2,2,2,4,1,2,1,1,2
15127,1,3,1,1,3,4,2,1,2,2,3,3,1,2,2,2,1
20712,1,3,3,2,3,2,2,3,2,2,3,4,2,2,2,1,2
27119,1,1,1,3,4,4,2,1,2,2,2,4,2,2,2,1,2
13746,1,3,3,1,1,4,4,1,4,2,1,1,1,1,1,2,1
18520,1,2,1,2,3,3,3,3,2,2,1,1,1,3,2,1,2
10005,1,3,1,1,4,2,3,3,1,1,2,2,1,4,2,2,2
24216,1,4,3,2,3,2,4,3,1,3,3,4,3,1,1,1,1
25651,1,3,1,4,4,4,3,3,1,2,1,3,1,1,1,2,2
43513,1,3,3,2,4,4,2,3,4,4,4,3,2,1,2,1,2
50001,1,2,1,2,4,3,2,3,2,4,3,1,2,2,3,1,1
22012,1,3,1,2,4,4,2,1,1,1,3,1,1,1,2,1,2
11534,1,4,4,4,4,4,4,1,2,2,2,2,1,1,1,1,1
52007,1,3,3,3,1,4,3,3,1,1,2,2,1,2,4,1,1
12231,1,3,1,1,4,4,3,3,2,2,1,2,1,2,2,1,2
47715,1,2,4,2,4,4,2,3,3,3,4,4,1,1,1,1,2
25142,1,3,4,3,4,3,4,3,2,1,4,4,1,2,2,5,1
32201,1,4,4,1,3,1,4,2,2,1,3,3,1,4,2,2,2
25627,1,4,3,1,2,4,3,1,2,1,4,2,2,1,1,2,1
42206,1,4,2,1,4,2,3,1,2,2,2,1,1,1,1,1,2
24226,1,3,2,1,3,4,2,3,4,3,2,1,1,1,2,2,1
27533,1,2,1,4,4,4,4,1,1,1,2,2,1,1,1,2,2
37204,1,2,2,2,8,2,1,3,2,2,4,4,4,1,1,2,2
22757,1,4,2,1,3,4,3,3,2,1,3,1,1,1,2,1,2
13020,1,3,2,1,3,4,4,3,2,2,2,2,1,2,1,1,2
11145,1,4,2,3,4,4,2,2,2,2,3,4,1,4,1,2,2
37108,1,4,1,3,3,4,3,3,2,1,3,1,1,1,2,1,1
29705,1,3,1,2,3,4,2,1,2,2,3,2,2,1,2,1,2
14630,1,3,4,1,3,4,3,3,2,1,4,4,1,1,1,2,2
23533,1,1,2,2,3,3,2,3,3,3,4,1,1,1,2,1,1
27639,1,4,1,4,3,4,4,3,1,2,2,2,1,2,4,2,2
16101,1,4,2,2,1,4,3,1,1,1,1,1,1,1,1,1,1
35029,1,4,4,4,3,4,4,9,3,3,4,4,1,1,1,2,2
18247,1,3,3,3,4,3,3,3,2,3,3,3,1,2,2,2,2
16752,1,3,1,1,3,4,2,1,3,2,4,2,2,2,2,1,2
24712,1,4,3,4,4,3,3,3,1,1,4,1,1,1,1,2,2
19209,1,4,2,2,4,3,2,3,2,1,2,3,1,2,1,2,2
37607,1,2,2,4,4,3,4,1,2,9,3,3,4,1,1,1,2
24605,1,4,4,4,4,3,3,3,4,4,4,4,8,3,3,8,2
17137,1,3,1,2,3,4,2,1,1,2,2,1,1,2,2,2,1
25704,1,3,2,3,3,3,2,1,3,2,4,2,1,4,4,1,2
27132,1,3,3,4,4,4,4,3,1,1,2,1,1,2,2,2,2
18145,1,4,1,1,3,4,4,3,4,1,1,2,1,1,4,2,2
27647,1,4,4,4,4,4,3,3,2,1,2,4,2,1,1,1,2
28766,1,2,1,2,3,3,2,3,1,2,3,3,1,1,2,2,2
34622,1,4,4,3,2,4,4,1,1,1,2,2,1,2,1,1,2
28217,1,3,4,2,4,4,4,3,1,2,2,4,2,1,2,1,9
45709,1,3,1,1,3,4,1,3,1,1,2,1,1,2,2,1,2
24028,1,4,2,1,4,3,2,1,1,1,4,3,1,2,2,2,2
27713,1,2,3,4,3,4,3,1,1,3,3,2,1,3,2,2,2
20224,1,4,4,4,4,3,4,1,1,1,3,4,1,3,2,2,2
14739,1,3,3,3,2,2,2,3,2,1,4,3,1,2,3,1,1
16137,1,3,3,1,4,4,3,1,2,3,2,2,1,1,2,1,1
22034,1,3,1,3,3,4,2,1,2,2,2,1,1,4,1,2,2
13561,1,2,1,3,4,4,2,1,2,1,4,3,1,4,4,1,1
32205,1,4,2,3,2,4,2,3,2,2,3,3,1,2,2,2,1
13617,1,2,1,1,3,4,4,3,2,1,3,4,1,1,1,1,1
12201,1,2,2,2,3,3,2,1,1,1,3,2,1,2,2,2,2
10038,1,3,3,2,4,4,3,3,1,1,3,1,1,1,2,1,2
36701,1,3,2,1,4,4,2,1,2,1,4,3,1,1,1,2,9
24038,1,2,2,1,3,4,2,3,2,3,2,3,1,2,2,2,2
52216,1,4,1,1,3,4,2,2,2,1,4,4,1,2,4,1,2
14009,1,2,2,2,3,4,2,3,1,2,3,3,1,1,1,1,1
26711,1,2,2,2,4,4,4,3,2,2,3,2,1,2,2,1,2
50517,1,4,3,1,3,3,4,3,3,2,2,1,1,1,1,1,2
29202,1,3,2,2,3,3,3,3,3,2,2,1,2,2,3,2,2
35027,1,9,9,9,9,9,9,3,1,3,3,2,1,9,1,1,1
28266,1,3,4,3,4,4,4,2,2,1,3,3,2,1,1,2,2
21701,1,3,2,1,3,3,3,2,4,1,1,2,1,3,1,1,2
25244,1,4,4,2,4,4,4,2,1,1,3,2,2,1,2,1,1
11232,1,3,1,4,4,4,1,1,3,2,2,3,1,1,2,1,1
16515,1,4,1,1,4,4,2,3,2,2,2,3,1,2,1,2,1
29614,1,4,4,3,4,3,4,3,1,1,1,2,2,2,2,1,2
25220,1,3,1,2,3,3,2,1,2,2,4,3,2,1,1,1,1
40018,1,3,4,1,4,4,3,3,2,2,3,4,1,4,2,2,2
33701,1,3,1,1,2,4,4,3,2,1,2,4,1,4,1,1,1
20131,1,3,2,2,2,3,1,3,2,2,3,2,1,4,4,2,2
17214,1,3,2,2,3,4,2,1,1,2,2,1,1,3,3,1,2
24046,1,2,1,3,3,3,2,1,2,2,4,2,1,1,2,1,2
24022,1,3,1,1,3,4,3,3,2,3,3,2,2,1,2,1,2
13723,1,3,3,2,3,4,2,1,2,2,2,2,1,1,1,1,2
15710,1,4,3,2,3,4,2,1,1,2,4,1,1,1,1,1,1
14004,1,3,3,1,3,3,3,3,2,1,3,1,1,2,2,8,2
17128,1,1,1,2,4,3,1,1,2,2,3,2,1,4,4,1,2
27562,1,4,3,3,3,4,4,1,1,1,3,3,1,1,4,1,2
14119,1,3,1,2,4,3,2,1,4,2,4,1,1,3,3,2,2
23108,1,3,1,2,2,4,3,3,1,1,1,1,1,1,1,9,2
26605,1,2,1,1,3,3,3,3,4,4,4,3,1,2,2,1,2
17506,1,3,2,1,2,4,3,3,1,4,1,1,1,1,2,1,1
14737,1,3,2,1,2,4,3,3,2,2,3,1,1,1,2,2,2
50110,1,3,2,2,3,4,3,1,2,2,2,3,1,1,2,2,2
18753,1,2,2,2,2,3,2,3,1,3,3,4,1,1,2,1,2
51604,1,3,2,3,1,4,3,3,3,1,4,2,1,2,3,1,2
19131,1,4,3,3,3,8,2,1,2,2,3,2,1,2,2,2,2
28707,1,3,3,1,4,4,1,1,4,4,4,2,4,2,2,1,1
24122,1,3,3,1,2,4,3,1,2,2,4,2,2,1,1,1,2
15703,1,2,3,2,3,1,4,9,3,3,2,4,4,2,1,8,2
19707,1,4,3,2,4,1,3,2,2,2,1,3,3,3,2,1,1
51005,1,1,2,1,3,4,2,3,2,2,3,2,1,2,2,1,2
19654,1,3,1,3,4,4,2,1,1,1,3,1,1,1,1,2,1
40017,1,3,2,3,3,4,3,3,2,2,4,3,1,1,1,1,2
20070,1,1,3,4,4,4,4,3,3,4,4,3,1,1,1,2,1
27642,1,3,4,2,4,4,3,3,4,1,4,1,1,3,3,2,2
23728,1,3,4,4,4,3,2,3,1,1,4,1,1,1,1,1,2
20012,1,3,1,1,4,4,2,3,1,1,1,2,1,1,1,2,2
18171,1,3,3,4,4,3,3,3,2,2,3,2,1,2,2,2,2
30606,1,3,3,3,3,3,3,3,4,1,1,3,5,,,,1
18058,1,3,3,3,3,3,3,3,2,2,3,2,1,2,2,1,2
52724,1,4,2,4,3,4,4,3,2,1,2,3,1,1,1,2,2
11118,1,4,3,2,4,4,3,1,2,1,4,3,1,1,1,1,2
49201,1,2,1,2,3,4,3,3,1,1,1,1,1,3,1,1,2
15537,1,3,3,3,3,2,4,3,1,1,2,2,1,2,1,1,2
29206,1,3,3,2,3,4,2,3,2,9,2,1,2,1,2,2,2
20031,1,4,4,4,4,3,3,1,2,2,4,1,3,2,1,1,2
42606,1,2,3,2,3,4,3,3,2,3,3,1,1,1,2,2,2
15002,1,4,1,3,4,4,3,3,2,2,3,2,1,3,3,1,1
23720,1,3,4,2,3,3,2,2,3,2,2,4,1,1,4,1,1
40007,1,1,1,2,3,3,2,1,2,2,3,3,1,4,2,1,1
19133,1,8,8,8,8,8,8,3,2,2,3,3,1,2,3,2,2
32108,1,3,3,3,4,4,3,3,2,2,3,3,1,2,2,2,2
31602,1,3,1,1,4,3,3,3,1,1,2,4,1,1,2,2,2
49603,1,3,3,3,4,1,2,3,1,1,4,3,1,1,3,1,1
35710,1,3,3,3,2,4,3,3,1,1,2,1,1,1,3,2,2
28218,1,1,1,1,4,4,1,1,2,4,4,1,4,4,4,1,1
39614,1,4,3,3,3,3,2,1,1,1,3,1,1,2,2,8,2
13037,1,4,3,2,3,4,3,3,2,1,2,1,2,3,3,2,1
52217,1,4,3,3,4,3,2,3,4,1,4,3,1,2,2,2,2
35132,1,4,2,1,2,1,4,3,3,2,2,2,1,2,2,1,1
37513,1,3,4,1,1,1,3,3,2,1,2,1,1,1,2,2,1
22242,1,2,2,1,2,4,2,1,4,2,3,3,1,1,1,2,2
51709,1,2,3,3,3,4,3,1,2,2,3,2,2,1,2,1,2
32006,1,3,2,4,4,3,2,1,2,1,3,2,1,1,1,2,2
40014,1,3,3,3,2,4,3,3,2,2,4,2,1,4,4,1,2
45603,1,4,3,2,3,4,2,3,1,2,2,1,4,1,1,2,1
20657,1,3,3,2,3,3,3,3,1,1,2,2,1,2,2,1,2
15204,1,4,4,1,3,3,4,1,2,2,2,3,2,2,2,1,2
12519,1,3,1,1,2,3,3,1,2,3,2,2,2,3,4,1,2
14701,1,3,1,1,1,4,1,1,1,2,3,1,4,1,4,2,1
13562,1,2,4,1,3,4,2,3,1,3,1,1,2,1,1,1,9
21514,1,4,1,3,4,4,3,1,2,3,3,3,1,1,1,8,2
28005,1,3,2,2,3,4,4,2,3,3,4,4,1,1,1,2,1
39508,1,3,4,4,1,4,3,3,1,1,2,2,1,1,2,1,2
27034,1,3,3,3,4,3,3,3,3,3,3,4,2,2,2,2,2
20217,1,4,3,1,4,3,3,3,3,1,2,3,1,1,1,2,2
20001,1,4,1,4,4,4,4,1,4,2,3,4,1,1,1,2,1
41706,1,3,2,3,3,4,4,1,1,1,2,2,1,2,2,1,2
10724,1,3,1,3,4,4,1,3,2,2,3,2,1,2,2,2,2
23023,1,2,3,2,3,4,3,1,2,2,2,2,1,1,1,1,2
16524,1,4,3,1,2,4,4,3,1,1,3,2,1,1,2,1,2
18212,1,3,2,3,4,4,4,2,4,1,5,1,2,4,4,2,2
16135,1,3,3,3,4,4,3,3,1,4,3,1,1,1,1,1,2
25524,1,4,3,1,3,1,3,1,1,2,3,1,2,1,2,2,1
19544,1,2,2,3,4,4,3,1,2,1,3,4,1,3,1,1,1
27212,1,2,1,2,3,3,2,3,4,2,3,3,1,2,2,2,2
25626,1,2,4,2,4,4,4,2,4,1,4,4,1,4,3,2,1
27228,1,4,4,4,4,4,4,1,1,1,3,3,3,4,4,8,2
37702,1,3,1,1,4,3,2,1,2,2,2,3,1,1,1,2,2
14614,1,4,3,1,4,3,2,3,3,2,3,1,1,2,3,2,1
47102,1,3,3,3,3,4,3,3,3,1,2,3,1,1,2,1,2
18633,1,3,3,3,3,2,2,3,3,2,2,3,1,2,2,2,2
25630,1,3,2,2,3,3,2,1,2,2,3,3,2,2,1,1,1
19645,1,2,2,3,4,4,2,3,1,3,2,2,1,1,2,2,2
28132,1,4,3,1,2,3,2,3,1,1,1,3,1,1,1,1,1
26533,1,3,1,2,4,4,3,1,1,1,1,1,1,1,1,1,2
34616,1,4,4,3,4,4,3,2,1,1,2,1,1,4,2,1,1
14128,1,3,3,1,2,3,4,3,3,2,2,1,1,1,2,1,2
20140,1,3,2,3,4,3,4,3,3,2,4,4,2,2,2,2,2
24546,1,3,3,3,3,3,3,3,3,2,4,4,2,2,2,2,1
47206,1,3,1,2,4,4,3,3,1,2,3,2,1,1,3,2,1
31108,1,4,4,2,3,4,2,3,4,1,2,1,1,1,2,1,2
16122,1,2,4,3,4,3,4,3,2,2,2,4,1,4,4,1,2
39204,1,2,3,2,3,3,3,3,1,2,3,2,1,2,2,1,1
15117,1,2,2,3,4,3,3,3,4,4,3,1,1,1,1,2,2
23110,1,2,1,2,4,9,4,3,1,1,3,3,1,1,1,2,2
23226,1,3,2,2,3,3,2,1,2,3,4,3,1,1,1,1,1
36009,1,3,3,2,3,3,3,1,2,1,2,2,1,1,2,2,2
12505,1,4,1,1,4,4,3,3,4,1,4,1,2,1,2,1,2
18163,1,3,2,4,4,3,3,3,2,2,3,2,8,3,3,8,2
14049,1,4,3,4,1,4,4,3,2,1,1,2,1,1,2,2,2
38503,1,4,2,3,3,3,2,3,1,9,2,3,1,3,3,2,2
28508,1,3,2,2,2,2,2,3,1,1,3,4,1,4,4,2,1
22524,1,3,2,4,4,4,1,1,2,3,4,2,1,1,2,2,2
31010,1,4,2,1,2,3,3,1,1,1,1,2,1,1,2,1,1
27706,1,4,4,2,4,1,4,1,2,2,4,3,1,1,4,2,2
22244,1,2,4,3,4,4,3,3,2,2,2,3,2,2,1,1,1
26175,1,4,4,1,4,1,3,2,1,1,4,4,1,4,2,1,2
26052,1,3,3,4,4,4,4,1,2,2,3,4,2,3,3,2,2
48101,1,4,4,1,2,1,4,3,2,2,3,3,1,1,1,2,1
51605,1,2,2,3,1,4,3,3,2,4,3,3,1,1,4,2,2
35136,1,1,1,3,4,3,3,3,2,3,3,2,1,1,1,1,2
25105,1,3,3,1,4,4,1,2,2,1,2,1,1,3,3,2,2
25644,1,4,3,1,3,4,2,1,3,3,3,3,1,3,2,1,1
28633,1,4,4,1,4,4,4,3,4,1,2,1,1,4,4,2,2
10602,1,4,1,2,4,4,4,3,1,1,2,1,1,1,1,2,2
18146,1,3,3,3,3,3,3,3,2,2,4,4,1,2,2,2,1
11720,1,4,1,1,1,4,1,1,1,1,1,2,1,1,2,1,2
16121,1,3,4,1,4,4,2,3,1,1,4,4,1,3,1,2,1
36001,1,1,2,3,3,3,3,3,2,1,3,3,1,1,1,2,1
27622,1,4,1,1,3,4,4,3,3,2,3,3,1,2,2,2,2
31114,1,4,2,3,4,4,3,3,3,1,4,1,1,4,4,2,2
26033,1,3,3,4,3,4,3,1,2,3,3,4,1,2,2,2,2
45204,1,3,1,1,2,4,3,3,2,2,1,1,1,1,1,1,2
40013,1,3,2,3,4,4,3,3,2,1,2,4,1,1,2,1,2
31106,1,4,2,2,4,2,4,3,4,2,4,3,1,2,2,2,8
11502,1,3,3,2,3,4,2,3,2,1,1,1,1,1,1,1,1
43009,1,1,1,3,4,4,2,1,1,1,2,2,1,2,2,2,2
19144,1,3,3,3,3,3,2,1,2,2,4,3,1,2,2,2,2
29225,1,1,2,3,3,3,3,1,2,2,2,2,3,1,3,1,9
52515,1,4,3,3,3,4,2,3,2,2,3,1,1,1,2,1,2
44116,1,4,3,2,4,3,2,3,1,1,3,1,1,2,3,2,2
14631,1,3,2,1,3,4,2,1,1,2,3,1,3,2,2,1,2
25005,1,4,2,4,3,4,4,1,3,1,3,1,1,2,2,2,2
18708,1,4,3,3,2,4,3,3,1,1,3,1,1,2,2,1,2
18125,1,3,4,4,4,4,3,3,2,2,3,1,1,2,2,2,1
20505,1,4,2,3,3,4,2,3,1,1,3,2,1,2,2,2,1
24222,1,2,2,2,3,3,1,1,1,1,1,2,2,4,2,2,2
13743,1,2,4,3,3,3,4,3,2,2,3,1,2,4,2,2,1
11507,1,3,4,1,1,1,4,3,1,1,3,4,1,1,3,1,1
16124,1,4,3,2,4,3,1,1,2,1,2,2,1,1,2,1,1
11713,1,4,4,2,4,4,4,3,1,1,3,1,1,1,1,2,2
10526,1,4,4,2,3,4,4,3,2,1,3,4,2,2,1,1,2
27623,1,1,1,1,4,1,4,3,1,1,1,1,1,1,4,2,2
40601,1,4,2,3,4,3,1,1,1,1,2,1,1,2,2,1,2
13118,1,3,2,2,3,4,2,3,2,3,2,2,1,1,1,1,2
23047,1,1,2,1,4,4,1,1,1,3,2,2,1,1,4,2,1
11639,1,2,3,3,4,4,4,1,1,1,2,1,1,1,2,2,2
45521,1,2,1,3,2,4,1,1,2,1,5,1,1,4,4,2,2
18113,1,4,4,4,4,4,3,3,2,2,3,3,2,2,2,1,1
25031,1,4,2,3,4,4,4,1,2,2,3,2,1,1,1,2,2
33009,1,3,3,2,2,3,4,3,3,1,2,4,5,,,,1
32112,1,3,4,4,4,4,1,2,4,1,4,3,2,1,2,1,1
14735,1,4,1,1,1,4,4,3,2,2,3,3,2,1,2,1,1
45001,1,2,2,1,4,4,3,1,2,2,1,2,1,2,2,2,2
24531,1,4,4,2,4,3,4,1,1,1,4,3,1,2,4,1,2
25652,1,4,3,3,4,4,4,2,1,1,2,3,1,1,1,1,2
36606,1,3,2,2,4,8,3,3,2,2,2,4,1,3,2,1,2
12109,1,3,3,1,4,4,2,1,1,1,2,2,1,1,2,1,2
26127,1,4,3,4,4,4,3,3,2,2,2,4,1,4,4,1,2
39509,1,4,3,3,3,2,4,1,2,1,2,1,1,4,1,1,2
17618,1,2,3,1,3,4,3,2,1,2,2,2,2,1,1,1,2
17143,1,4,3,2,3,3,2,1,1,2,1,2,1,2,2,2,1
20620,1,2,3,2,3,3,2,3,4,1,2,3,1,4,2,1,2
27250,1,2,2,4,4,4,3,1,3,2,3,2,1,2,3,1,2
51515,1,4,4,3,3,4,2,1,3,3,4,2,1,1,1,2,2
40606,1,2,3,2,3,3,3,3,3,2,2,2,1,2,2,1,2
12114,1,2,1,1,1,2,1,3,2,1,4,2,1,2,2,2,1
28709,1,4,2,3,3,3,1,1,3,3,4,3,1,2,2,1,2
24724,1,4,2,3,2,4,4,3,2,1,3,2,1,2,1,2,2
12638,1,3,3,3,3,4,3,1,1,2,3,2,1,2,1,1,1
30205,1,4,2,2,3,4,3,1,4,2,2,2,1,1,1,2,2
47103,1,4,4,1,3,4,2,1,2,1,2,1,1,1,1,1,1
31610,1,3,3,4,4,3,3,1,2,2,4,2,1,1,1,1,2
15216,1,4,3,1,2,3,4,1,2,2,2,2,2,1,2,2,2
14632,1,3,1,3,3,4,1,3,1,1,2,3,1,1,4,1,1
32612,1,2,3,3,3,3,2,3,2,1,2,2,1,2,2,1,1
26053,1,4,4,4,3,4,4,3,2,2,2,4,1,4,2,2,2
29605,1,3,4,1,4,4,2,3,2,2,2,3,1,2,2,2,1
44118,1,1,1,4,2,4,1,3,2,4,5,1,1,1,1,1,2
10208,1,3,9,3,2,8,3,3,1,1,2,1,1,4,4,1,2
25731,1,2,2,3,3,3,3,2,2,3,4,2,1,2,2,2,2
19728,1,3,1,3,3,4,3,1,3,3,2,3,1,2,2,1,1
42709,1,3,3,2,4,4,3,3,2,2,3,4,1,2,2,1,1
14527,1,4,2,1,3,4,3,1,1,1,1,1,1,2,2,2,2
32709,1,3,4,4,4,4,3,1,1,1,2,2,1,2,2,2,2
28543,1,4,4,4,1,1,4,3,1,1,2,2,1,1,4,2,2
33206,1,3,2,2,2,4,2,1,2,1,1,3,1,1,1,2,1
18001,1,3,3,3,3,4,3,3,1,1,2,2,1,2,1,2,2
26171,1,3,2,3,3,3,2,3,4,1,4,3,1,1,1,2,2
17709,1,3,4,1,2,3,2,3,2,2,4,2,1,2,2,2,2
35015,1,4,2,2,4,4,2,1,2,2,2,4,1,2,2,2,2
26644,1,2,2,4,4,4,3,3,1,2,3,4,2,2,4,2,2
21538,1,4,4,4,3,3,1,1,2,2,3,4,1,1,1,1,2
26216,1,1,1,1,2,4,4,1,2,1,2,1,1,4,4,1,1
26255,1,3,3,3,3,3,3,1,2,2,4,4,1,2,2,8,1
44110,1,4,4,4,4,4,4,3,1,1,2,2,1,4,1,1,1
39507,1,4,3,2,4,3,2,1,2,2,2,1,3,1,1,2,2
49703,1,3,2,2,3,4,3,3,2,2,2,4,1,1,3,2,1
47110,1,4,4,1,3,3,1,3,4,1,4,3,1,1,1,1,2
14218,1,3,3,3,4,4,2,3,2,2,2,3,2,2,2,2,2
11511,1,4,4,2,3,1,4,2,3,1,3,2,1,2,4,2,2
31015,1,4,3,2,2,4,3,1,1,2,3,2,5,,,,1
45014,1,2,2,3,4,4,2,3,2,2,3,2,1,1,3,2,1
10019,1,2,1,1,4,4,1,3,2,2,2,3,1,1,2,1,1
25145,1,3,3,8,4,3,4,3,2,2,2,2,1,2,2,2,2
23629,1,4,3,2,3,2,3,3,2,1,2,3,1,4,4,2,1
27637,1,4,1,1,1,4,2,1,4,4,3,1,1,1,1,1,2
19108,1,3,3,1,3,3,2,2,1,1,2,4,1,1,1,1,2
24631,1,3,3,3,3,3,3,3,3,1,4,2,1,1,3,2,2
23001,1,2,1,2,3,3,2,3,1,1,2,1,1,1,1,2,1
14115,1,4,3,2,3,3,2,1,1,1,1,2,2,1,2,2,1
22209,1,2,8,3,8,2,8,3,1,1,3,3,1,1,1,1,2
52613,1,4,3,2,4,3,3,3,9,9,9,9,9,9,9,9,9
24012,1,3,4,3,4,1,3,3,1,2,2,4,3,4,4,1,1
44106,1,4,2,2,3,4,4,1,1,3,3,1,2,2,2,2,2
49003,1,4,3,4,4,4,3,1,2,1,1,1,3,1,2,1,2
33503,1,3,2,3,2,4,4,3,1,1,2,2,1,1,1,2,2
52622,1,2,1,1,2,4,2,1,2,3,2,2,1,1,1,2,1
26144,1,4,4,3,4,4,4,1,2,3,4,1,1,3,1,2,2
20238,1,3,4,2,4,1,4,3,2,1,3,4,1,4,2,2,2
26720,1,4,2,4,4,4,3,3,1,2,2,1,1,2,2,2,2
39704,1,3,3,3,2,4,3,3,3,2,4,1,1,3,2,1,2
28651,1,2,1,3,3,4,4,3,2,2,2,1,1,1,2,1,2
43103,1,4,3,1,3,3,1,1,2,2,2,2,1,2,2,2,2
36704,1,1,3,1,4,1,3,3,2,2,4,3,2,2,2,1,2
31120,1,2,4,2,3,4,2,1,2,2,3,1,1,4,3,1,2
28648,1,2,2,2,4,2,3,3,3,2,4,3,1,1,1,1,1
39113,1,4,3,4,4,4,3,1,1,1,2,1,1,2,2,8,2
24609,1,3,2,3,3,3,2,3,3,3,4,3,2,2,2,2,2
28621,1,4,2,1,2,4,2,1,1,1,3,2,1,2,2,2,1
28147,1,1,1,1,4,3,1,3,2,4,4,3,2,1,1,2,1
10216,1,4,2,3,3,4,4,1,2,1,2,1,1,4,1,1,2
18644,1,3,3,2,3,3,2,3,3,2,3,1,1,1,2,8,2
27702,1,4,1,1,4,4,4,3,3,3,4,3,2,2,2,2,2
20522,1,4,3,1,4,3,3,3,2,2,4,1,1,3,2,8,2
15604,1,4,2,3,3,4,2,1,2,2,4,2,1,2,2,2,2
26163,1,4,4,3,4,4,4,1,2,2,2,3,1,3,1,1,2
26617,1,3,2,2,4,4,4,3,1,3,4,4,1,1,1,2,2
28254,1,2,3,1,3,4,3,3,3,3,3,3,1,1,1,1,1
45504,1,4,3,3,3,3,3,3,2,1,4,2,1,1,2,1,2
18140,1,3,3,4,4,4,3,3,1,1,2,1,1,2,2,1,2
22049,1,3,4,3,4,3,4,3,1,1,2,2,1,4,4,2,2
41704,1,3,3,3,3,4,3,1,1,2,2,2,1,1,4,1,2
50002,1,3,3,2,2,3,2,2,2,3,3,4,1,2,3,1,1
15716,1,2,2,2,4,4,3,1,2,2,4,3,2,1,1,2,2
25529,1,2,3,4,3,3,3,3,3,2,2,4,1,2,3,2,2
26507,1,3,2,3,3,3,2,1,2,3,3,3,1,2,1,1,2
20109,1,3,1,3,1,4,3,3,2,2,3,3,1,1,1,1,2
14141,1,3,2,3,4,3,1,3,2,2,3,1,1,1,1,1,2
10543,1,3,2,4,4,4,3,1,1,1,3,1,1,1,2,2,1
38703,1,4,2,1,3,3,3,1,2,2,3,1,1,3,3,1,1
15635,1,3,4,3,3,4,3,3,2,1,3,2,1,4,4,1,2
10004,1,3,4,4,3,4,4,3,2,1,2,3,1,1,1,2,2
50005,1,1,4,4,4,4,1,1,1,2,2,3,1,4,4,2,2
12007,1,3,3,3,3,3,3,3,1,1,3,4,1,1,1,1,1
26012,1,4,3,4,4,4,2,3,2,2,2,1,1,3,2,1,2
19520,1,2,2,2,2,4,3,1,3,1,1,3,1,1,1,2,1
28518,1,3,3,2,2,3,2,3,1,2,3,2,1,1,1,1,2
13010,1,3,3,2,3,4,3,3,2,2,1,1,1,1,1,1,2
20650,1,4,4,2,4,4,1,3,3,3,3,3,1,2,2,1,2
20216,1,3,3,3,4,3,2,3,2,4,4,2,1,2,2,1,9
28748,1,4,1,1,1,2,4,3,2,4,2,4,2,1,2,1,1
27007,1,3,3,1,2,4,3,3,4,1,2,4,1,3,3,2,2
27728,1,4,4,3,4,4,4,3,2,2,4,1,1,1,8,5,1
35705,1,4,3,2,4,3,3,2,2,3,4,4,1,1,2,2,1
27131,1,3,2,3,3,3,3,3,4,2,3,4,1,2,3,1,2
28779,1,2,1,2,1,4,3,1,3,1,2,2,1,1,1,1,2
45706,1,3,1,4,4,4,2,2,2,1,3,1,1,1,2,1,2
16529,1,3,1,2,3,4,2,2,1,4,3,1,1,2,2,1,2
34607,1,3,2,8,3,8,2,3,1,1,2,4,4,4,2,2,1
20248,1,3,2,1,3,1,3,3,1,2,3,1,1,4,2,1,1
26647,1,3,4,3,3,4,2,1,1,1,3,3,1,1,2,8,2
16128,1,3,4,3,3,2,2,1,2,1,2,4,1,3,4,2,1
19118,1,3,2,2,3,4,3,3,1,1,2,3,1,1,2,1,2
26717,1,4,1,3,4,4,3,3,3,2,4,3,1,2,2,1,1
17134,1,4,3,1,4,3,4,3,1,1,1,4,1,4,4,2,2
11223,1,3,2,3,2,3,4,1,2,2,3,4,2,2,4,1,1
14723,1,3,1,3,1,4,4,3,2,2,1,2,1,2,2,1,2
15228,1,2,2,1,4,3,2,3,1,2,3,1,1,2,2,1,2
13525,1,2,2,1,4,3,2,3,3,2,3,2,1,2,2,2,9
25032,1,3,3,3,3,3,3,3,3,2,4,1,1,1,2,1,2
27543,1,4,4,2,2,2,4,3,2,4,4,4,1,1,1,1,2
15033,1,3,1,2,4,4,1,1,1,1,4,2,1,1,1,1,1
19537,1,4,3,2,3,4,3,3,1,1,1,1,1,1,1,2,1
31005,1,3,3,2,3,3,2,1,2,1,2,2,1,2,2,1,2
13619,1,4,3,1,4,4,2,1,3,2,2,3,1,2,2,2,2
22246,1,3,3,2,2,3,3,3,3,1,3,4,2,1,2,2,1
13226,1,4,2,4,4,4,3,1,2,2,3,1,2,1,4,2,1
14228,1,3,1,2,1,3,1,1,3,3,2,3,3,1,1,1,2
11650,1,2,2,3,3,4,2,3,1,1,1,3,1,1,1,2,1
22619,1,4,1,4,4,4,3,3,2,2,3,2,1,1,1,1,2
22142,1,3,2,2,3,4,4,3,2,2,3,3,1,1,1,2,1
16528,1,3,4,3,4,3,1,1,2,2,1,1,1,1,2,1,2
47706,1,4,1,2,3,4,2,1,2,2,2,2,1,2,1,1,1
19635,1,3,1,3,3,3,2,3,3,2,2,1,1,2,1,1,2
22545,1,4,2,1,4,4,3,1,1,9,2,1,1,1,1,1,2
29120,1,3,1,1,1,4,2,1,1,2,3,2,1,1,2,1,2
24106,1,4,1,1,1,4,4,3,1,1,1,4,2,2,1,1,1
14232,1,3,3,1,3,4,1,3,1,2,9,2,1,2,1,1,2
24638,1,3,2,1,3,2,3,3,3,3,4,3,1,1,3,2,2
14538,1,3,3,2,4,3,3,3,2,1,3,2,2,1,2,2,1
15129,1,4,2,2,4,4,4,2,2,1,2,2,1,4,1,2,2
28211,1,1,1,1,4,1,1,3,4,1,4,1,1,2,2,1,1
37613,1,3,3,3,4,4,3,3,2,1,4,2,1,2,4,8,1
47506,1,4,2,3,4,4,3,3,4,9,4,3,1,2,2,2,2
12601,1,3,1,1,2,4,2,1,2,2,3,3,2,2,2,1,1
20049,1,3,2,3,3,4,2,1,3,3,4,2,1,3,2,1,2
31708,1,3,4,1,4,4,1,1,1,1,2,2,1,4,2,1,2
20018,1,3,2,3,2,3,3,3,3,2,2,4,1,4,4,1,1
22004,1,3,1,2,4,4,2,1,2,2,1,4,1,4,2,1,2
34615,1,4,2,3,4,4,3,1,2,1,2,4,1,2,4,1,1
29101,1,3,2,3,4,4,3,3,2,2,2,2,1,2,2,1,2
28104,1,3,4,4,2,4,2,2,4,1,4,2,1,1,2,2,1
26026,1,2,3,3,3,4,1,1,4,4,3,3,1,1,1,2,2
24612,1,2,4,1,2,3,4,1,2,1,3,4,1,1,2,1,1
26628,1,3,1,1,4,3,1,1,2,2,2,3,1,1,4,2,2
23133,1,3,1,1,4,4,4,3,1,1,1,1,1,1,1,1,1
25633,1,3,3,3,4,4,2,1,2,2,4,2,1,1,2,2,2
28256,1,4,1,1,1,4,4,1,3,1,4,3,2,1,1,1,2
18765,1,3,2,2,3,3,3,3,1,2,3,3,1,2,2,1,2
19644,1,1,2,3,3,3,2,3,1,2,3,4,1,1,2,2,2
11212,1,4,4,1,4,4,2,2,1,2,2,2,1,1,4,2,2
18762,1,2,2,2,3,2,2,1,3,2,3,1,2,2,1,1,1
27555,1,4,1,4,4,4,1,1,1,2,2,1,1,2,4,1,1
26542,1,3,3,1,4,3,3,3,3,4,3,3,1,3,3,2,2
11138,1,4,3,2,4,4,4,1,2,1,2,1,1,2,4,1,2
13025,1,3,4,2,4,4,2,1,4,1,3,1,1,1,2,1,2
18542,1,3,1,3,3,3,2,3,1,1,3,1,2,2,2,2,2
25642,1,4,3,2,4,4,3,9,3,3,4,3,1,4,4,2,2
36705,1,3,2,3,4,4,3,1,2,2,2,2,1,2,2,2,2
27717,1,1,4,2,4,4,2,3,2,2,3,3,1,3,3,2,1
35013,1,3,2,3,3,3,2,3,1,2,3,2,4,4,2,2,1
10719,1,4,2,2,3,3,2,2,2,1,2,3,1,4,4,2,2
13612,1,4,2,1,3,4,2,1,4,2,3,1,1,2,2,1,1
28703,1,4,3,2,2,1,4,3,1,1,1,2,1,1,1,1,2
25209,1,4,4,4,2,2,4,1,1,2,3,4,1,4,2,1,2
25734,1,3,2,1,4,3,3,3,1,1,3,1,1,1,1,2,8
28514,1,3,1,2,4,3,2,1,1,2,2,1,1,1,2,2,2
20524,1,2,2,2,2,3,4,3,1,1,1,1,1,4,1,2,1
15732,1,2,1,1,3,3,2,3,2,2,4,2,1,2,3,2,2
19542,1,2,1,3,4,4,2,3,2,2,2,1,1,2,2,2,2
52606,1,4,1,3,3,4,4,1,1,2,1,3,1,1,1,1,2
27109,1,4,3,3,4,3,4,1,2,2,3,4,2,4,2,1,2
16505,1,4,3,1,2,4,4,3,1,1,5,2,1,1,2,1,1
28504,1,3,1,1,4,4,2,1,1,2,1,2,1,2,2,2,2
18605,1,1,2,2,3,4,2,1,2,3,3,2,1,1,1,2,2
20150,1,4,4,3,3,3,4,3,2,1,2,1,1,4,4,2,2
25161,1,2,2,2,3,4,3,1,1,1,2,1,2,1,2,2,2
13632,1,3,1,2,4,4,3,1,1,1,2,1,1,2,2,1,2
27746,1,2,2,2,4,4,3,3,4,2,3,3,1,1,1,1,2
20007,1,3,4,3,4,4,2,3,3,2,4,4,1,2,3,1,1
42509,1,4,4,4,4,1,4,1,1,2,3,1,1,1,1,2,2
20040,1,3,1,3,4,4,1,3,2,1,1,1,1,3,3,2,2
10130,1,4,2,2,2,3,3,3,3,1,2,3,1,1,2,1,2
16526,1,3,3,2,3,4,2,1,1,2,1,3,1,1,1,1,1
10630,1,2,4,1,4,2,2,1,2,3,3,4,1,3,2,2,2
16520,1,3,3,4,3,4,3,1,2,1,3,1,1,2,4,2,2
10734,1,3,2,4,4,4,4,3,4,4,3,4,3,2,4,2,2
25725,1,4,3,2,1,4,4,2,2,2,3,3,1,1,1,1,1
11635,1,4,2,4,4,4,2,1,2,3,3,4,1,1,1,1,1
16209,1,3,2,2,4,4,3,1,1,3,4,1,1,1,1,1,1
15017,1,4,3,2,4,4,2,1,1,1,3,2,1,3,3,1,1
18628,1,2,2,3,3,3,2,3,1,2,4,3,1,1,1,1,2
24642,1,4,2,2,4,4,2,1,2,3,4,3,1,1,4,2,2
28501,1,4,4,2,1,1,4,3,4,4,2,3,1,4,1,1,1
18210,1,3,2,2,2,4,2,3,2,2,2,2,2,2,2,2,2
25242,1,4,4,1,4,1,4,3,2,2,1,3,1,1,1,2,2
25240,1,4,2,1,3,4,3,3,2,2,3,1,1,1,2,1,2
10623,1,4,1,4,4,4,1,2,1,1,1,1,5,,,,1
17515,1,2,1,2,3,4,3,3,1,2,2,3,2,1,2,1,2
21610,1,4,2,1,1,4,2,1,3,1,2,3,1,1,2,1,2
31521,1,3,2,2,3,2,3,3,2,1,4,3,1,3,3,1,2
25010,1,3,2,3,4,1,3,3,2,3,4,3,1,2,2,1,2
11035,1,3,2,3,3,3,3,3,2,2,3,4,2,2,1,1,2
10729,1,4,1,2,4,4,3,1,2,2,3,3,2,2,1,2,2
20652,1,4,3,3,3,4,3,3,3,2,3,3,1,2,2,1,2
28771,1,3,3,3,4,3,2,2,2,2,3,3,1,2,2,1,2
45004,1,3,4,2,1,3,2,1,2,1,1,1,1,1,1,2,1
15533,1,2,2,2,4,4,3,1,3,2,4,2,2,2,2,1,2
18242,1,1,3,1,4,4,3,1,2,2,2,3,1,4,4,2,2
25514,1,3,2,3,4,3,2,3,3,2,4,3,1,3,3,2,1
11727,1,4,2,2,2,4,4,3,2,1,1,2,1,1,2,2,2
26635,1,3,3,2,4,8,3,3,2,4,3,1,1,2,3,2,2
24707,1,2,1,1,3,4,3,3,4,2,4,3,1,1,1,1,2
18755,1,3,3,2,3,3,2,3,2,3,4,1,1,2,2,2,1
21201,1,2,4,3,4,3,2,3,1,1,2,4,1,1,1,2,2
39707,1,3,1,2,4,3,2,3,2,3,3,3,1,2,2,1,9
28258,1,4,3,1,3,4,4,3,3,2,2,1,1,1,1,2,2
25516,1,3,2,3,3,3,3,3,1,1,2,1,1,3,3,2,8
12220,1,3,3,3,3,3,3,1,2,2,4,2,1,4,4,2,1
24744,1,4,4,4,4,2,4,3,3,3,4,4,3,2,2,2,1
23125,1,4,2,1,4,4,2,3,1,1,2,1,2,1,1,1,1
28512,1,4,2,1,3,2,4,3,3,3,3,2,1,4,2,1,1
13232,1,2,3,2,4,4,2,1,1,1,3,2,1,2,2,2,2
50714,1,3,1,1,2,3,3,3,3,1,4,4,1,1,1,1,1
28032,1,2,2,1,2,4,3,3,3,2,2,2,1,1,2,2,1
11129,1,3,2,1,2,3,4,3,1,1,2,3,1,3,4,1,1
50218,1,4,2,1,3,4,2,3,1,2,2,1,2,1,1,1,1
10145,1,2,4,4,3,4,3,1,1,1,1,1,1,1,1,2,1
27714,1,3,4,4,4,4,4,3,3,3,4,2,1,4,4,2,2
14105,1,4,3,2,3,4,4,3,1,1,1,1,1,1,1,2,2
20721,1,3,3,2,3,3,2,3,1,1,3,2,1,2,2,8,2
28642,1,4,1,2,4,3,2,3,1,9,2,2,1,1,2,1,2
17027,1,4,1,2,4,4,1,1,2,2,4,1,1,1,1,1,2
15707,1,4,3,1,3,4,4,3,2,1,3,2,4,1,1,1,2
36102,1,3,2,3,3,4,2,3,3,3,3,3,1,1,1,2,1
22541,1,4,1,4,1,4,4,3,2,2,2,4,1,3,3,2,2
41504,1,3,2,1,2,3,3,3,1,2,2,2,1,2,2,1,2
28739,1,4,3,4,4,2,4,3,2,2,2,2,1,1,1,1,2
27035,1,4,3,3,4,4,4,3,4,2,3,2,1,2,4,2,2
10708,1,4,2,3,2,3,3,3,2,2,3,2,2,2,2,1,1
13606,1,4,1,3,4,3,1,1,2,1,2,2,1,1,2,1,1
42120,1,4,1,8,4,4,1,2,2,3,3,2,3,3,1,1,2
27014,1,2,3,4,4,3,3,3,3,2,4,4,1,2,2,2,2
28743,1,4,3,3,3,4,3,3,2,2,2,3,1,2,2,1,1
12521,1,3,3,2,3,4,1,1,4,2,3,2,1,3,3,2,2
26141,1,4,3,4,1,3,4,2,1,2,2,2,1,2,1,1,1
19139,1,2,2,2,3,3,3,3,2,2,2,2,1,1,2,2,1
35611,1,3,1,1,1,4,3,1,1,1,3,4,1,1,2,2,2
11037,1,3,1,3,3,1,3,1,1,1,2,4,3,1,1,2,1
34614,1,3,1,1,2,4,1,1,4,3,4,3,1,4,4,1,1
24731,1,3,4,4,3,4,4,3,2,3,4,1,1,4,1,1,2
19103,1,2,2,2,3,3,3,3,1,1,3,2,1,1,1,2,2
13744,1,4,2,1,3,3,3,3,3,2,3,3,2,1,1,1,2
15108,1,4,3,2,4,4,3,3,3,2,4,2,1,1,2,2,2
31712,1,3,1,2,4,4,1,3,2,4,3,3,1,3,3,1,1
52119,1,4,3,3,3,1,3,3,2,2,4,4,1,4,2,1,2
28629,1,3,4,1,4,2,4,3,3,3,4,3,1,1,1,2,2
29516,1,4,2,1,1,4,4,3,1,2,2,2,1,4,4,1,2
28009,1,4,4,2,4,2,3,3,3,2,4,4,1,4,4,1,2
41701,1,4,3,2,4,3,2,1,3,3,3,3,2,2,2,2,2
28613,1,3,1,2,4,3,2,3,2,2,2,3,1,1,2,1,2
20603,1,3,3,3,4,3,3,1,1,2,2,2,2,4,4,2,2
29515,1,2,4,2,4,4,8,3,2,1,1,2,1,4,4,1,1
30706,1,3,4,4,4,3,4,3,2,2,4,3,2,2,2,1,2
24032,1,4,1,3,4,2,3,1,1,2,4,3,2,2,4,2,1
39014,1,3,1,1,4,4,2,3,2,4,4,2,1,1,1,1,2
13005,1,4,4,1,3,4,2,3,2,1,2,1,1,4,4,1,2
21229,1,8,4,4,4,4,3,1,1,1,2,2,1,1,1,2,2
17732,1,2,1,4,1,4,1,2,3,2,1,2,1,4,4,2,1
14704,1,2,1,1,3,4,3,3,3,3,2,1,1,3,2,2,1
13724,1,2,2,1,4,4,3,2,2,2,2,2,1,2,3,2,2
22522,1,3,3,3,3,4,3,1,1,1,4,3,1,1,2,2,2
17231,1,4,2,3,1,4,4,1,2,1,2,2,1,2,2,1,2
12232,1,8,2,2,3,8,8,3,4,4,3,4,1,1,4,5,2
13225,1,3,2,2,3,3,4,3,3,1,3,2,1,2,2,2,1
22151,1,2,1,1,1,4,3,3,3,1,1,3,2,2,2,1,2
44618,1,4,4,1,4,2,4,1,4,1,2,2,1,3,1,1,2
16621,1,4,2,2,2,3,3,3,2,2,3,3,1,1,1,1,2
31119,1,4,3,2,3,4,1,1,2,1,2,2,1,1,1,1,2
11736,1,1,1,3,3,3,1,2,1,1,2,1,1,1,1,1,1
48605,1,3,4,3,3,3,1,1,1,2,3,2,1,1,1,2,2
51611,1,4,4,4,4,3,3,1,2,1,2,2,1,1,1,2,2
13040,1,3,3,3,4,3,3,1,2,2,2,3,2,4,2,1,2
48203,1,4,2,3,4,3,2,3,4,1,4,1,1,4,4,2,2
46207,1,4,3,1,3,1,4,3,4,2,3,4,1,1,1,8,2
36007,1,4,1,1,4,3,2,1,2,2,3,1,1,1,1,2,1
50709,1,4,4,3,4,4,4,1,2,2,4,1,1,4,4,2,1
17116,1,1,2,4,4,4,1,1,2,1,1,1,1,1,1,2,2
52621,1,3,2,3,2,3,2,3,2,1,2,2,1,2,4,1,2
17739,1,3,3,3,3,4,4,1,2,1,2,3,1,4,2,1,2
51203,1,3,4,2,2,3,2,1,2,2,2,2,1,4,4,1,2
21541,1,2,3,2,3,2,4,1,2,1,2,2,1,4,4,2,1
20624,1,3,3,3,3,3,3,3,2,3,3,3,1,1,1,1,2
25122,1,2,1,3,3,3,3,2,1,1,4,2,1,1,1,2,1
39006,1,4,1,2,3,4,3,3,2,1,1,2,1,1,2,2,2
13105,1,4,2,4,3,3,4,3,3,1,4,3,1,1,2,1,2
21131,1,3,2,2,3,2,3,3,2,2,2,2,1,4,4,1,1
28115,1,4,4,3,4,3,2,1,1,1,2,4,1,1,3,1,2
16731,1,2,2,2,4,3,3,1,1,2,5,3,2,2,3,1,1
20243,1,2,4,4,4,4,2,3,4,2,2,4,1,2,2,1,2
20147,1,3,2,3,3,2,4,3,2,1,1,1,1,1,2,2,2
27557,1,4,3,4,4,4,3,3,2,2,3,2,3,4,2,1,1
15121,1,2,4,3,4,4,4,3,2,2,3,2,2,1,1,1,2
15025,1,2,1,1,3,4,3,1,2,9,2,4,1,1,1,2,2
18131,1,3,4,3,1,3,3,3,1,1,1,4,1,1,3,2,2
19022,1,3,2,3,4,1,2,1,2,2,3,2,1,2,2,1,2
27053,1,2,3,3,4,4,2,9,2,2,3,4,1,2,2,2,1
10119,1,2,2,2,4,2,4,3,1,1,2,2,1,2,2,1,2
17031,1,3,1,1,4,3,2,3,3,3,2,2,1,4,4,1,2
22629,1,1,1,1,3,4,2,1,1,1,1,1,1,1,1,1,1
20213,1,4,4,3,3,1,4,3,1,1,4,1,1,1,4,2,2
49207,1,3,3,3,4,3,3,3,4,2,3,3,1,2,2,1,2
14125,1,2,1,3,2,4,3,3,1,1,3,2,2,2,3,2,1
42613,1,4,1,1,2,4,3,3,1,2,3,2,1,1,1,1,2
26741,1,1,2,3,4,4,1,1,2,2,3,4,2,2,2,1,2
49702,1,2,2,2,3,3,3,3,2,1,1,1,1,1,1,2,1
26737,1,3,2,3,3,4,2,1,1,1,3,3,1,2,2,1,1
11539,1,4,2,3,4,4,3,1,2,2,2,3,1,1,4,1,1
24237,1,3,2,3,3,4,3,3,2,2,2,3,2,2,4,1,1
10134,1,4,4,3,4,3,4,1,2,1,2,1,2,4,4,2,1
19002,1,3,3,3,3,3,3,1,4,2,3,2,2,4,3,2,1
18745,1,3,4,4,3,3,2,1,2,2,4,3,1,2,2,1,2
36713,1,8,8,8,8,8,3,3,2,2,3,2,1,2,1,2,1
26515,1,3,3,4,1,3,3,1,3,2,4,4,1,1,1,2,2
28013,1,3,1,3,4,3,2,1,1,2,2,1,1,2,2,1,1
28244,1,4,4,1,4,4,4,3,1,4,4,4,2,1,1,2,2
35212,1,3,3,2,4,4,2,1,1,1,2,2,1,3,2,2,2
13016,1,2,1,1,1,3,1,3,2,2,3,1,2,1,2,1,2
46502,1,4,1,4,2,4,3,3,1,1,1,1,2,1,2,2,2
25109,1,2,2,3,4,3,2,1,2,2,4,2,2,1,2,1,2
50004,1,4,3,4,4,4,2,1,1,1,2,3,1,1,1,2,1
31202,1,2,1,1,4,4,1,3,1,2,2,2,1,3,1,1,2
14628,1,4,2,3,4,4,2,3,2,2,3,2,1,1,1,2,2
22003,1,4,3,3,3,4,2,1,3,2,2,4,1,2,2,1,2
31711,1,2,1,1,4,4,4,1,2,1,2,3,1,4,2,1,2
31511,1,2,2,2,3,4,3,3,1,2,1,1,1,1,2,2,1
25716,1,3,2,3,3,4,2,1,2,2,4,1,1,1,2,2,2
26632,1,2,2,2,3,4,3,1,2,1,1,1,1,2,2,1,2
19220,1,3,3,3,3,2,2,1,2,1,4,3,1,2,2,1,1
29522,1,4,4,4,4,4,4,3,2,1,2,4,1,2,2,1,1
23617,1,3,3,3,4,3,3,1,4,1,2,1,3,4,4,2,2
16615,1,1,1,2,4,4,1,3,4,2,3,2,1,1,1,1,2
13706,1,4,3,4,4,2,4,2,1,1,4,2,1,2,2,1,1
17016,1,3,3,4,4,3,2,1,3,1,1,1,2,4,4,1,1
42116,1,3,2,1,3,4,4,3,2,3,2,2,1,1,2,1,1
45623,1,3,3,1,2,4,3,1,1,2,2,1,1,1,1,8,1
52711,1,3,4,2,3,4,3,3,3,2,2,2,1,1,1,1,1
18741,1,2,2,3,4,3,1,2,3,1,3,3,2,1,2,2,1
20504,1,3,3,3,4,3,3,9,2,1,3,3,1,1,3,1,2
25003,1,4,1,1,4,4,1,1,3,3,4,4,2,1,2,1,2
10217,1,1,2,4,4,4,4,3,1,1,2,4,1,1,1,1,2
23714,1,3,3,3,3,4,3,1,2,3,3,3,1,3,3,2,2
13112,1,2,2,1,3,4,4,3,1,1,2,2,1,2,2,2,1
20521,1,4,4,3,4,4,4,3,2,3,3,4,1,3,3,1,2
28649,1,2,2,2,3,3,2,1,3,2,3,2,3,1,2,2,2
28059,1,3,2,1,3,4,2,3,3,3,4,3,1,2,2,2,2
19648,1,2,1,1,2,4,1,1,1,2,2,2,1,1,1,1,2
41604,1,3,3,2,3,4,2,3,2,2,2,3,1,3,2,2,1
28249,1,4,1,2,1,4,3,3,1,2,2,2,1,2,2,2,1
28250,1,4,4,4,4,4,3,3,1,1,4,2,4,1,1,2,1
13714,1,4,4,3,4,4,1,3,1,2,2,1,1,1,2,2,2
27242,1,3,3,2,4,4,4,1,2,1,3,3,1,1,2,1,2
52128,1,3,4,4,4,4,3,1,4,1,3,3,1,2,2,2,2
15125,1,3,1,1,3,3,2,3,2,2,3,1,2,2,4,2,1
31714,1,1,3,1,4,3,3,3,1,2,1,2,1,1,1,2,1
27752,1,4,4,4,4,1,2,3,1,3,4,1,1,2,4,2,1
39706,1,4,4,3,4,3,2,3,2,2,4,3,1,3,2,1,2
45105,1,3,4,1,4,4,3,1,2,1,3,1,2,1,1,1,2
22152,1,3,4,1,4,4,1,3,1,1,3,2,1,1,2,2,2
10506,1,3,1,2,4,4,1,3,4,3,4,1,1,1,4,1,2
18044,1,4,4,4,3,4,3,3,2,2,3,2,2,2,2,1,2
48202,1,3,3,9,3,3,2,2,3,2,2,1,1,2,2,2,1
27659,1,4,4,4,4,4,4,3,2,2,3,3,1,4,4,1,2
20644,1,3,2,4,4,2,2,1,1,2,3,3,1,2,4,2,2
24502,1,3,3,3,3,3,3,3,4,4,4,2,1,2,4,8,2
19007,1,3,2,2,3,2,3,3,1,1,3,1,1,4,4,1,2
28738,1,2,2,3,3,4,3,3,2,1,2,2,1,4,4,2,2
31007,1,3,2,1,3,4,2,3,2,1,3,1,2,1,3,1,1
13630,1,1,2,1,3,3,1,1,2,2,2,3,1,2,2,1,2
51211,1,1,2,2,1,4,4,1,1,1,5,1,2,1,1,2,1
52520,1,4,4,1,4,3,4,1,1,2,2,3,1,4,4,1,1
20068,1,4,1,1,3,4,2,3,2,9,2,2,1,1,1,1,2
16136,1,3,4,2,4,4,3,1,4,2,4,2,1,2,3,1,1
13038,1,4,1,2,4,3,1,1,1,1,3,2,1,4,3,1,2
31503,1,4,1,2,2,3,3,3,1,1,1,2,1,1,2,2,2
12615,1,4,3,1,4,4,2,3,2,3,3,1,1,1,2,1,1
11642,1,4,3,2,4,1,4,3,3,1,4,3,1,4,4,1,2
29017,1,3,3,2,4,2,3,3,1,2,2,1,1,2,2,1,1
28534,1,3,2,2,3,1,4,3,4,4,3,4,2,4,2,1,2
12607,1,3,1,4,4,1,3,3,1,2,3,4,1,4,2,1,2
43104,1,4,4,3,4,2,2,3,3,2,3,3,1,1,2,1,1
24622,1,3,3,3,3,4,2,1,3,2,4,3,1,2,2,2,2
13601,1,4,3,1,3,4,4,3,1,1,2,1,1,1,2,1,1
42121,1,4,1,2,4,4,2,3,1,2,4,3,1,1,1,1,2
22236,1,3,2,2,3,4,2,3,2,2,5,1,1,1,1,2,1
17022,1,1,3,3,4,4,1,1,2,4,3,4,1,1,1,2,2
28537,1,3,2,2,4,2,3,1,2,3,2,1,1,2,2,2,2
20724,1,3,1,1,3,4,2,1,4,4,3,4,1,2,4,1,2
25548,1,2,1,2,4,4,3,1,1,1,4,3,2,1,1,1,1
24133,1,2,4,2,4,3,4,3,2,1,3,4,1,1,3,1,2
50006,1,3,1,1,1,4,4,3,1,1,5,1,1,1,2,1,1
36109,1,3,3,2,3,3,2,3,2,2,3,4,1,1,1,2,1
20617,1,3,2,2,3,4,3,3,1,1,2,1,1,4,4,2,2
13607,1,4,2,3,3,4,4,3,3,3,2,2,1,2,1,1,1
22204,1,2,2,1,1,4,4,3,1,2,3,1,2,4,2,1,2
21018,1,3,3,1,3,3,3,3,2,2,3,2,1,1,1,2,2
28003,1,2,4,3,4,4,2,1,2,1,4,2,1,1,2,2,1
20651,1,2,2,3,4,4,1,1,1,2,2,3,2,1,1,1,2
48509,1,1,1,1,3,1,2,1,1,2,3,2,1,1,1,1,8
17735,1,1,1,1,1,4,1,1,1,2,2,2,1,1,1,1,2
21038,1,4,1,4,3,3,2,3,2,2,3,1,1,2,2,1,2
25239,1,2,4,4,4,3,2,3,3,2,3,1,1,4,3,2,1
26241,1,4,3,4,4,4,4,3,1,1,1,4,1,4,4,1,1
44007,1,4,2,2,4,3,3,3,1,1,2,2,1,1,1,1,2
27037,1,3,3,4,4,4,1,1,3,3,3,4,1,2,2,2,2
21519,1,4,3,4,3,4,3,1,1,2,2,2,1,1,1,1,2
15116,1,2,4,2,2,4,4,3,4,2,3,1,2,3,1,1,2
18162,1,3,4,4,4,4,4,3,1,1,3,1,1,3,8,8,2
16206,1,4,2,4,3,2,3,3,2,3,4,3,1,2,4,1,1
13001,1,4,4,2,3,4,4,3,3,3,3,2,1,1,9,2,2
29107,1,2,2,3,4,3,3,3,3,2,4,1,1,1,1,1,1
27726,1,1,3,1,4,4,3,3,1,2,4,3,1,2,2,1,2
24141,1,2,1,2,4,3,3,1,3,2,4,2,1,2,2,1,2
21222,1,1,3,1,4,4,2,1,1,2,2,1,1,1,1,1,1
35021,1,4,3,2,4,3,3,1,2,1,4,2,1,1,2,2,1
14103,1,3,1,2,4,1,4,3,1,1,1,1,1,2,2,1,2
20065,1,1,1,1,9,1,2,3,1,1,4,1,1,1,2,2,2
31001,1,4,4,2,1,4,3,3,1,2,3,1,1,4,4,2,1
39610,1,4,3,3,3,4,2,1,1,1,3,1,1,2,2,8,2
17130,1,2,1,3,3,4,3,1,3,2,3,2,2,2,2,1,2
25511,1,3,2,2,3,2,3,3,2,2,4,2,5,,,,1
20623,1,3,3,2,4,3,2,3,3,3,4,4,2,3,4,2,2
11519,1,2,3,2,4,4,3,1,2,2,3,3,1,2,2,1,2
25711,1,2,2,2,2,4,1,1,1,1,1,4,2,2,2,2,2
26213,1,3,3,1,2,4,3,3,2,2,2,1,2,2,2,1,1
49508,1,4,4,4,2,4,2,3,2,1,2,2,1,4,4,1,2
31617,1,3,2,2,3,4,3,3,2,1,1,1,1,2,2,1,2
22149,1,3,2,2,3,4,3,1,2,1,3,3,1,1,2,2,2
17221,1,3,1,3,4,3,2,1,2,2,1,1,1,4,2,1,1
25722,1,1,1,1,4,1,2,3,3,3,3,4,1,2,2,1,1
16013,1,3,2,1,4,4,4,1,2,2,2,3,1,2,2,1,2
26133,1,2,3,3,4,4,3,1,2,2,3,3,1,3,3,2,9
10113,1,1,2,2,3,3,3,3,1,1,3,1,1,1,1,1,1
12730,1,2,2,4,4,3,1,3,2,3,3,3,1,2,3,1,2
40008,1,4,2,4,3,3,4,1,2,4,2,1,1,2,1,2,2
44006,1,2,1,1,4,4,4,3,1,2,1,2,1,1,1,1,2
27753,1,1,1,4,4,4,3,1,2,2,1,2,2,1,1,2,2
37707,1,3,3,3,4,3,3,3,3,3,4,3,1,1,2,2,2
18742,1,3,3,3,4,3,2,3,2,1,3,2,1,2,3,2,1
27747,1,3,3,3,4,3,3,3,2,1,3,3,1,2,2,2,2
20713,1,4,4,2,3,3,3,3,3,3,3,2,2,2,2,2,2
17150,1,4,3,3,3,4,2,3,2,2,2,4,2,2,4,1,2
18650,1,3,2,2,4,3,4,3,1,2,2,2,1,1,2,2,2
52002,1,3,3,3,4,4,3,3,2,2,2,2,1,2,2,2,2
21719,1,2,1,3,2,4,1,1,2,1,4,4,1,2,2,2,1
35140,1,3,2,2,3,2,4,3,2,1,2,4,1,2,2,1,2
11714,1,4,2,2,4,4,2,1,2,3,2,2,2,1,4,1,1
10204,1,8,1,1,3,3,2,3,2,2,2,3,1,3,4,2,2
25519,1,3,1,1,3,3,3,3,1,1,2,4,1,2,2,2,2
11046,1,4,4,3,3,4,4,1,1,1,2,2,1,4,4,1,2
14230,1,3,3,3,4,3,2,1,2,4,3,3,1,1,2,1,2
13730,1,3,1,1,3,4,3,1,1,2,2,2,1,1,2,1,2
15521,1,4,1,4,4,3,2,1,2,1,3,2,1,2,2,1,1
11512,1,4,3,1,4,4,4,1,3,1,2,3,1,4,1,1,1
23146,1,4,2,3,3,2,3,3,1,1,1,1,1,4,4,2,2
10751,1,4,2,2,2,4,2,1,1,2,1,2,1,1,2,2,1
21030,1,3,2,1,2,3,2,3,2,1,2,3,1,1,1,2,2
50018,1,4,4,4,4,4,1,1,2,4,4,3,1,2,4,2,2
22002,1,4,4,3,4,4,2,3,2,1,2,3,1,2,2,1,2
16110,1,3,4,4,3,4,3,3,1,1,2,2,1,2,2,2,2
23018,1,2,2,1,1,3,2,3,1,1,2,3,1,1,1,1,1
16723,1,4,1,3,3,4,2,1,2,2,2,2,1,2,2,1,2
18607,1,3,2,3,3,4,3,3,3,2,2,1,1,2,2,1,2
19026,1,3,3,4,4,4,3,3,4,3,3,1,1,1,1,2,2
21108,1,2,3,1,3,4,3,3,1,3,2,1,1,2,2,5,2
24225,1,4,2,3,2,4,3,1,2,1,4,2,1,1,1,1,2
18239,1,3,3,2,3,3,3,1,3,2,3,2,1,1,4,2,1
20701,1,2,2,3,4,4,1,1,2,1,2,3,1,1,2,1,2
50508,1,3,1,1,1,4,3,3,1,2,2,2,1,1,1,1,1
25157,1,3,1,2,4,4,2,1,2,2,4,2,1,1,2,1,1
27203,1,4,3,3,4,4,4,3,2,1,1,3,1,2,2,2,2
41206,1,2,3,2,4,4,3,1,1,1,1,1,1,2,1,2,1
40517,1,3,1,3,4,4,2,3,2,2,3,2,1,4,1,1,1
10539,1,4,1,1,4,4,4,1,1,1,3,2,4,2,2,1,2
51119,1,4,3,4,3,1,2,3,1,1,3,4,1,1,1,2,2
31616,1,4,4,2,2,3,4,3,1,1,3,2,1,2,3,2,1
23707,1,2,3,3,3,3,3,2,2,1,1,1,1,1,4,1,2
34611,1,3,3,8,4,4,3,3,2,2,1,3,1,1,1,5,1
47509,1,4,2,4,4,4,4,1,1,1,2,2,1,1,3,1,2
14728,1,4,1,2,1,4,2,3,1,2,2,1,1,1,1,2,2
27553,1,3,2,4,1,4,3,1,2,2,2,3,1,2,2,1,2
19224,1,3,3,1,4,4,1,1,3,1,3,2,1,2,2,2,2
23118,1,4,3,4,4,4,1,1,3,2,4,2,2,1,1,8,1
28737,1,2,2,3,4,4,3,3,2,1,2,4,1,1,4,1,2
22155,1,3,2,3,3,3,3,3,2,2,4,2,1,4,4,1,1
19733,1,4,2,2,3,4,4,3,1,1,1,1,1,1,1,2,2
28618,1,3,2,3,4,1,3,1,1,1,4,1,2,1,1,1,1
36613,1,2,3,1,2,4,2,1,1,1,2,3,1,1,1,2,2
12514,1,3,2,3,4,3,2,1,3,1,3,3,1,1,1,1,2
20742,1,2,3,3,4,4,2,3,4,1,3,2,1,1,4,2,2
20057,1,4,1,1,2,4,2,1,1,1,2,2,1,1,1,2,2
42703,1,4,2,3,1,4,3,1,1,1,2,1,1,1,1,1,2
21135,1,3,9,4,4,4,4,3,1,1,2,2,1,2,2,2,8
25110,1,2,1,1,3,4,2,1,2,2,3,3,1,1,2,1,2
24126,1,4,2,4,3,4,2,1,1,1,4,3,1,2,2,1,2
20530,1,4,3,3,4,3,2,9,1,2,4,2,1,1,2,2,2
23716,1,3,2,3,3,4,4,2,1,1,2,4,1,1,3,2,2
42701,1,4,1,2,4,4,2,1,1,1,2,2,1,2,2,1,2
24522,1,3,3,3,3,3,3,3,4,4,4,4,2,3,4,2,2
23032,1,2,1,2,3,3,3,3,2,2,2,1,1,1,2,2,1
44126,1,4,3,4,4,4,3,3,2,2,2,1,1,1,3,1,1
48001,1,1,1,2,1,1,1,3,4,2,3,4,4,2,4,1,1
17135,1,1,1,2,4,4,3,3,1,2,3,4,2,1,1,1,1
24210,1,4,2,3,4,4,3,1,2,1,1,2,1,1,1,1,2
15705,1,2,4,4,4,4,3,3,3,1,1,1,1,2,3,2,1
14503,1,2,3,2,3,3,2,1,1,1,4,4,3,2,3,1,1
24233,1,2,1,2,3,4,2,3,1,1,2,2,1,1,2,1,1
37209,1,2,2,3,3,3,3,3,2,2,4,3,1,2,3,2,2
17521,1,2,1,1,2,3,3,3,2,2,2,4,2,1,1,1,2
12502,1,2,1,2,3,3,4,3,3,1,1,3,1,1,1,2,2
28706,1,3,4,2,3,2,4,3,2,1,3,3,1,2,2,2,1
15202,1,1,2,2,3,4,3,3,1,2,4,2,2,2,2,1,1
49503,1,3,1,1,4,4,2,3,2,2,9,2,1,1,4,1,9
23616,1,4,3,2,3,4,3,1,2,3,3,1,1,1,2,1,2
19232,1,3,3,2,3,4,2,1,1,2,3,3,1,2,3,1,1
20227,1,3,2,3,4,3,3,3,3,2,4,3,1,2,2,1,1
27501,1,1,3,3,4,1,4,3,1,2,3,3,1,1,1,1,1
28056,1,4,4,1,4,1,4,3,4,4,3,4,1,3,1,1,2
46711,1,3,3,1,3,3,2,3,3,2,2,4,1,1,2,1,2
23149,1,4,1,3,1,3,3,3,2,3,3,2,1,1,2,1,2
28661,1,3,1,2,3,4,2,1,2,2,2,2,1,3,2,2,1
18640,1,3,2,2,3,2,2,3,2,2,3,1,1,1,2,2,1
23736,1,2,4,2,4,4,2,3,4,2,4,3,1,2,2,2,1
19652,1,2,2,1,3,4,4,3,2,2,2,1,1,1,1,1,2
25255,1,4,4,3,4,2,2,2,2,2,4,2,1,4,4,2,1
23114,1,2,2,2,4,4,3,3,2,1,1,1,2,1,1,1,1
19523,1,2,3,1,2,4,2,2,2,2,3,2,2,1,2,1,2
18050,1,3,3,3,3,3,3,3,2,2,3,3,2,4,2,8,2
41111,1,3,1,1,3,4,2,1,2,1,3,2,1,2,2,1,2
46707,1,4,4,8,8,8,4,3,2,2,2,3,1,1,1,2,2
18632,1,4,3,3,4,2,3,3,2,2,3,2,2,1,2,2,2
14118,1,4,4,1,4,3,4,3,2,2,2,2,2,2,1,1,1
16510,1,3,3,2,3,3,2,3,2,2,1,2,1,1,1,1,2
10617,1,4,3,3,3,4,3,3,3,2,3,2,1,2,2,1,2
28124,1,2,3,3,3,2,3,1,2,1,2,2,1,1,3,1,2
26122,1,3,4,4,4,4,1,3,2,3,3,4,1,2,4,1,2
46505,1,3,1,3,4,3,1,1,2,2,2,2,1,1,1,1,2
14245,1,4,1,1,3,3,2,1,1,4,3,2,2,2,2,1,2
25206,1,2,1,1,4,4,2,3,2,1,4,1,1,1,1,2,2
14006,1,3,1,4,2,4,2,1,1,9,3,2,1,4,1,1,1
39004,1,4,4,3,3,3,3,3,3,2,4,2,1,1,1,5,2
10634,1,4,3,1,3,4,3,1,2,1,3,2,1,1,1,1,2
23506,1,4,3,2,3,3,3,3,1,2,2,2,1,1,2,2,2
29211,1,2,2,2,3,4,2,1,2,2,2,2,1,1,2,1,9
20707,1,1,1,1,3,4,2,3,2,1,2,4,2,2,3,1,2
28552,1,4,4,3,4,4,4,1,2,2,4,2,1,2,1,1,2
19706,1,3,1,2,3,4,2,3,1,1,1,3,1,2,2,2,2
28016,1,4,4,1,4,3,3,3,1,1,2,1,1,1,2,1,1
14713,1,3,2,1,4,2,3,3,3,2,4,2,1,3,1,2,2
17730,1,3,4,4,4,3,2,1,2,1,2,4,1,1,4,2,2
28109,1,4,3,1,1,4,3,1,2,2,3,2,2,2,2,2,1
30112,1,4,3,4,2,4,4,1,1,1,3,4,1,2,4,2,1
38603,1,4,4,3,3,4,3,3,2,1,2,2,1,4,4,1,2
42006,1,3,1,1,3,4,3,3,2,1,1,4,1,4,4,1,1
52219,1,3,8,1,8,1,3,3,1,1,3,2,1,1,1,8,2
28267,1,4,4,3,4,3,3,2,1,4,3,4,2,2,2,1,1
20738,1,3,3,3,4,4,3,3,2,2,3,3,2,1,2,1,2
24720,1,3,3,1,3,9,3,3,1,1,4,4,1,1,3,9,2
22744,1,4,3,2,3,4,2,3,1,1,2,3,1,3,2,1,2
24618,1,3,2,3,3,3,3,3,2,2,2,1,1,3,4,2,1
32502,1,3,1,2,2,4,2,3,2,2,3,2,1,2,4,2,2
27548,1,3,2,4,4,1,4,1,2,1,3,1,1,4,4,1,1
25724,1,4,3,2,4,4,3,2,1,1,3,3,3,2,2,2,1
25223,1,3,4,2,3,3,3,3,2,1,4,2,1,2,2,2,1
24135,1,3,4,2,4,4,2,1,1,2,3,4,1,3,3,1,2
17155,1,2,1,1,3,3,3,3,2,2,3,2,4,3,1,1,1
20233,1,3,1,3,4,3,3,1,2,2,3,4,2,2,1,1,2
11533,1,4,2,4,2,4,2,2,2,4,4,2,1,1,1,2,2
47711,1,4,1,2,2,4,4,3,1,1,1,1,1,1,1,1,1
25132,1,3,3,1,4,4,1,1,2,2,4,1,2,1,3,2,1
17148,1,3,3,2,2,4,2,1,3,2,3,3,2,2,2,1,2
27239,1,3,3,2,3,3,3,3,2,2,3,3,1,3,2,1,1
20206,1,3,1,1,4,4,3,1,2,3,3,3,1,2,2,1,1
22505,1,3,3,2,9,3,2,3,2,1,2,1,1,2,2,2,9
46703,1,4,1,2,2,4,2,3,2,2,3,2,1,2,1,1,2
12528,1,2,2,1,2,4,3,1,2,2,2,1,1,4,4,1,2
43208,1,4,3,2,4,4,2,3,2,2,3,2,1,1,2,2,2
14730,1,3,2,2,2,4,1,1,2,1,2,1,1,1,1,1,2
20201,1,4,3,2,3,4,3,1,3,1,2,3,1,2,3,1,2
36611,1,4,2,2,3,4,2,1,2,1,1,2,1,1,1,1,2
12520,1,4,2,3,3,3,3,2,2,1,2,2,1,1,2,1,1
14542,1,2,3,1,4,4,1,2,2,4,4,4,1,1,2,1,1
11230,1,4,1,2,1,4,4,3,2,2,1,1,1,2,2,2,1
30107,1,3,3,2,4,3,3,3,2,2,2,2,1,2,2,1,1
28035,1,3,3,4,4,1,2,3,4,9,3,3,2,2,3,2,1
23712,1,3,4,1,3,4,2,2,1,1,1,1,1,4,4,1,2
45708,1,4,4,1,4,4,2,3,4,3,3,3,1,1,1,1,2
11702,1,4,1,2,3,4,2,1,1,1,2,4,1,1,1,2,2
39702,1,4,2,2,4,3,1,1,1,2,2,2,1,2,2,2,2
17011,1,3,3,1,4,2,4,3,4,1,2,4,1,4,4,2,1
26710,1,4,2,1,3,4,3,1,1,2,3,1,1,1,1,1,2
12722,1,4,4,2,4,3,3,1,2,2,3,2,3,2,2,1,2
10146,1,4,1,4,4,4,4,1,3,1,2,2,1,4,4,1,2
39714,1,3,3,4,3,4,2,1,3,2,4,2,1,2,1,1,2
14740,1,3,2,1,3,4,2,3,3,2,4,2,1,1,1,1,2
13223,1,4,1,1,2,4,3,1,2,2,3,1,1,2,1,1,1
17716,1,3,2,2,4,4,3,1,3,2,3,4,1,2,2,2,1
36210,1,1,2,2,2,4,2,3,2,1,3,1,1,1,2,1,1
44113,1,2,4,2,4,1,3,3,1,3,2,2,1,4,1,1,2
51710,1,8,8,3,8,2,3,3,1,1,3,3,1,1,1,2,2
22515,1,3,1,2,2,4,1,3,2,1,3,2,2,1,1,1,1
40106,1,4,4,4,2,1,4,3,2,2,2,3,1,1,1,1,1
29509,1,3,3,2,3,4,3,3,4,1,1,2,1,1,2,1,1
47502,1,3,2,2,3,3,2,3,1,3,3,3,1,2,2,1,2
16143,1,4,3,4,4,4,4,3,4,2,1,3,1,4,4,2,1
26615,1,2,3,2,4,4,2,3,2,3,2,2,1,1,1,1,2
27208,1,3,2,2,3,4,3,1,2,2,2,2,2,1,2,2,1
22245,1,4,1,3,4,4,2,3,1,1,4,2,1,1,1,2,2
25533,1,2,3,3,4,3,1,1,2,1,3,2,1,2,2,1,2
22025,1,1,1,1,4,1,4,3,1,1,1,2,4,1,3,1,1
29604,1,4,2,3,3,4,4,3,3,2,3,4,1,4,4,2,1
20518,1,2,3,3,4,3,4,3,1,1,1,2,1,4,4,1,2
17513,1,2,2,3,3,3,2,2,2,4,2,3,2,2,1,1,2
20015,1,4,1,2,4,4,2,1,2,2,2,1,1,1,1,2,9
10225,1,1,3,3,4,8,2,1,2,2,3,3,1,2,2,1,2
47007,1,3,3,2,2,3,3,3,2,2,2,1,1,2,1,1,2
22641,1,2,4,1,4,3,1,3,3,2,3,2,1,2,2,1,2
50209,1,2,4,9,2,2,3,3,2,2,2,3,1,1,1,1,2
21518,1,3,1,4,4,4,1,3,2,4,3,3,1,1,1,2,2
12629,1,4,2,3,4,4,4,3,3,3,2,4,1,2,4,1,1
11705,1,3,3,2,3,4,2,3,2,1,2,3,2,1,2,2,1
42605,1,2,2,2,4,3,3,2,3,1,2,3,1,1,2,1,1
27130,1,3,2,3,4,8,3,3,1,1,4,1,1,4,4,2,2
16001,1,3,2,2,4,4,4,1,1,1,2,2,1,1,1,1,2
16740,1,2,2,1,3,4,2,1,3,2,2,3,1,1,1,1,2
26106,1,2,3,3,4,3,3,3,3,2,4,3,1,1,2,1,2
10010,1,3,2,2,2,4,2,3,3,1,1,3,1,1,1,2,1
20202,1,1,4,1,4,4,4,3,2,2,3,4,1,1,4,1,2
32512,1,4,2,1,4,3,3,3,4,4,3,1,1,4,4,2,2
33003,1,4,1,3,3,3,3,1,2,1,3,2,1,2,2,2,2
27645,1,4,4,4,4,4,4,3,4,2,4,1,4,3,3,1,1
12501,1,4,4,4,1,4,4,3,1,1,2,2,1,3,3,2,2
23531,1,2,2,2,2,4,2,1,2,2,4,3,1,2,2,1,1
26708,1,4,2,3,3,3,2,1,2,3,3,2,1,1,2,1,2
28719,1,4,2,3,4,2,2,3,3,1,3,4,1,2,1,1,2
21012,1,9,2,2,4,2,2,3,3,3,3,4,1,1,1,8,2
25641,1,4,2,2,4,2,4,1,3,4,4,4,4,1,1,1,2
18104,1,3,2,1,3,3,4,2,2,4,3,3,1,2,1,2,2
18152,1,4,4,4,4,4,4,3,1,1,3,2,1,1,1,1,2
24101,1,4,1,3,1,4,3,1,1,1,2,1,1,1,1,2,2
11019,1,2,1,1,1,4,2,1,2,1,2,2,3,1,2,1,2
50213,1,2,4,2,3,4,3,1,3,2,3,2,2,1,1,1,2
18516,1,3,2,3,4,4,2,3,2,2,3,3,1,4,2,2,2
16233,1,4,1,3,3,4,3,1,3,2,3,4,1,2,1,1,2
24721,1,3,2,3,3,4,2,1,1,3,4,2,1,1,1,2,2
35141,1,3,3,4,4,4,2,3,4,3,2,3,3,2,4,1,2
10544,1,4,2,3,3,3,2,1,1,1,3,3,2,2,2,2,2
15142,1,2,4,3,3,4,2,3,2,2,2,3,2,2,2,1,2
44127,1,4,2,3,4,2,4,3,2,2,2,4,2,2,2,2,2
38103,1,2,3,1,2,4,2,1,2,1,3,3,1,1,1,1,2
24219,1,4,3,3,4,3,3,3,2,2,2,2,1,2,2,1,2
47603,1,4,4,2,3,3,4,3,2,2,2,2,2,2,2,2,2
25232,1,3,4,1,4,2,3,2,1,1,2,4,5,,,,1
41004,1,3,2,2,4,3,2,3,1,1,1,1,2,3,3,2,1
15115,1,4,1,3,3,4,3,2,2,2,2,2,1,4,4,2,2
19751,1,4,3,1,4,4,3,3,2,2,3,3,2,1,1,2,2
17623,1,3,2,2,2,3,2,1,1,1,2,2,1,2,1,1,2
38202,1,2,3,3,3,3,3,3,2,1,3,2,1,3,3,1,2
26636,1,2,2,1,4,3,2,1,1,3,2,3,1,1,2,1,2
26634,1,4,3,1,4,2,3,2,1,1,1,1,1,1,3,2,1
29505,1,3,1,2,1,4,2,1,2,1,3,2,2,1,1,1,2
51603,1,4,3,1,3,4,3,3,3,1,2,1,2,2,3,2,2
44204,1,4,2,3,3,4,4,3,1,1,1,2,1,1,2,1,2
20137,1,3,2,2,4,3,3,3,1,2,3,4,1,2,2,2,2
28231,1,1,1,1,4,4,1,3,2,1,4,4,1,2,2,2,1
29016,1,3,2,3,4,4,4,1,2,1,2,3,2,1,2,1,1
12728,1,2,4,3,3,3,1,1,2,2,2,4,1,2,2,1,1
16550,1,3,2,4,4,3,3,3,1,1,2,4,1,4,2,1,2
18138,1,3,4,4,4,4,3,3,1,1,3,1,1,1,2,1,2
36702,1,3,3,3,3,3,3,1,2,1,2,2,1,1,1,2,2
14718,1,4,2,1,4,3,2,3,2,2,3,2,1,1,2,2,1
11015,1,4,1,4,2,4,4,3,3,1,2,2,1,1,1,1,2
25056,1,4,4,2,4,4,4,3,2,1,2,1,1,2,4,5,2
48110,1,3,1,4,3,4,4,3,2,3,3,1,2,2,2,1,1
10713,1,3,1,1,3,3,4,3,1,1,2,2,1,1,1,1,1
18637,1,4,2,1,2,4,3,1,2,1,1,2,1,1,1,1,2
24702,1,2,1,1,4,4,3,1,2,3,4,4,1,1,4,2,2
23709,1,3,2,3,3,3,4,3,9,9,9,9,9,9,9,9,9
18713,1,3,3,3,3,3,3,1,1,1,3,2,1,2,2,1,2
10214,1,3,1,4,3,4,3,3,2,1,1,1,1,4,2,2,2
20022,1,4,3,2,4,1,4,3,2,2,4,4,1,3,4,2,2
45513,1,3,3,2,4,3,3,3,2,2,3,1,1,1,1,2,2
26169,1,2,3,3,4,4,3,1,2,1,3,2,2,3,2,1,1
18514,1,3,3,4,3,3,2,3,3,3,4,2,1,1,2,1,2
16016,1,2,2,1,4,4,4,3,2,1,2,2,2,1,1,1,2
42722,1,1,1,4,3,4,3,3,2,1,4,2,1,1,1,1,2
25525,1,4,3,3,4,3,2,1,1,1,3,2,3,1,1,1,2
18172,1,3,4,4,4,4,3,2,1,1,3,2,2,2,2,1,2
16226,1,3,1,3,1,4,3,3,2,2,2,2,1,1,1,1,2
46713,1,4,3,3,3,4,3,3,2,2,3,2,1,2,2,1,2
27116,1,2,2,1,3,4,2,1,4,2,3,3,2,1,1,1,2
18536,1,2,2,2,3,4,2,1,1,2,3,2,2,2,2,2,2
20171,1,3,3,2,3,2,4,3,4,1,2,2,3,4,2,2,2
10007,1,3,4,2,3,3,3,3,1,1,3,2,1,1,4,1,2
26140,1,2,4,4,3,3,4,1,2,1,4,2,2,2,1,2,2
13663,1,4,2,3,4,1,4,1,2,2,3,2,1,2,1,1,2
28546,1,3,3,3,4,3,3,3,1,1,3,2,1,4,4,2,2
19735,1,3,3,1,3,3,3,3,2,1,2,3,1,1,1,1,1
14202,1,4,1,1,2,4,3,1,1,2,3,1,2,2,2,1,2
22148,1,4,2,2,3,4,1,1,1,1,3,1,1,1,1,2,2
48004,1,3,1,1,3,3,2,3,2,4,1,2,1,1,2,2,2
50514,1,3,1,1,1,4,3,3,1,2,2,1,2,1,1,1,1
10139,1,2,1,1,3,4,1,3,1,1,2,3,1,1,1,2,2
25745,1,4,1,3,4,3,4,1,1,2,3,1,1,1,1,1,8
31625,1,2,4,3,3,3,3,1,1,1,2,3,1,2,2,1,1
13737,1,2,3,3,2,4,3,3,1,2,2,3,1,2,2,2,1
33506,1,3,2,2,3,3,2,3,2,2,1,3,1,1,1,2,2
27027,1,3,3,1,3,4,2,1,2,2,4,2,2,1,1,1,2
28201,1,3,9,3,4,4,4,3,1,1,2,2,1,1,2,1,2
16504,1,4,2,4,2,3,2,3,2,2,2,2,1,2,2,2,2
38005,1,3,1,3,1,3,4,2,2,1,3,3,1,2,3,2,1
17160,1,4,4,4,3,4,4,1,1,1,2,4,3,1,3,1,2
31004,1,3,4,4,4,4,3,3,2,1,2,3,1,4,4,2,2
12035,1,3,3,3,3,3,3,3,2,1,2,4,1,1,4,8,2
52210,1,3,1,3,3,3,4,1,4,2,2,1,1,1,1,1,2
19129,1,3,2,2,3,2,3,3,1,1,3,3,1,1,1,2,2
11608,1,4,2,4,3,2,2,3,4,1,2,3,1,2,3,2,1
12532,1,4,1,1,3,4,2,3,2,2,3,3,1,2,2,2,2
27547,1,2,4,4,2,3,2,1,3,3,4,3,1,3,2,1,2
19205,1,3,2,2,4,3,1,1,3,1,2,1,1,2,2,1,1
14046,1,3,1,1,3,2,3,3,1,1,3,1,1,4,4,2,1
35707,1,3,1,2,4,2,2,1,2,1,2,3,1,1,1,2,2
11612,1,4,3,2,2,4,4,2,3,2,2,2,1,2,2,1,1
20638,1,2,2,3,4,4,1,1,2,2,3,2,1,4,4,2,1
16554,1,3,1,3,3,4,3,1,2,2,3,3,2,1,2,1,2
20662,1,3,3,3,3,3,3,3,1,1,2,3,1,2,2,2,2
12143,1,3,2,3,3,2,3,1,2,4,3,4,1,3,3,2,1
35006,1,3,2,3,2,1,2,3,4,2,2,1,1,4,4,2,2
24632,1,3,2,2,4,3,3,3,1,1,2,2,8,2,2,8,2
35524,1,2,3,3,2,4,2,1,2,2,3,3,2,2,2,1,2
43507,1,4,3,2,4,4,2,2,2,1,3,2,1,1,1,1,1
20646,1,2,4,3,4,2,1,1,2,2,3,1,1,3,3,2,1
24144,1,2,3,3,1,2,3,1,3,2,3,3,1,1,4,2,2
40202,1,4,3,4,3,3,4,3,2,1,3,2,1,3,2,2,2
27634,1,3,2,3,4,4,4,1,2,2,2,1,1,4,2,1,2
31607,1,3,1,3,3,4,3,3,3,2,3,3,1,2,2,1,1
45110,1,1,2,2,4,4,3,1,1,1,1,1,1,2,1,2,1
16712,1,1,1,2,1,4,1,3,1,2,3,1,1,3,2,2,2
37701,1,1,1,1,2,2,2,1,2,9,4,3,1,1,1,2,2
11045,1,4,3,3,4,3,4,1,3,2,4,1,1,2,4,2,2
30109,1,2,2,2,3,4,1,1,4,1,5,2,2,1,2,2,1
13512,1,3,3,3,3,4,2,3,2,2,2,1,1,2,4,2,1
25701,1,4,2,2,3,4,2,1,2,1,4,1,1,1,1,2,2
52519,1,4,2,1,4,4,2,1,1,1,1,3,2,1,1,1,1
10633,1,4,2,2,3,4,3,3,2,1,3,1,1,4,4,2,2
19643,1,3,3,3,4,3,2,3,2,2,3,4,1,3,4,2,2
24039,1,3,9,1,4,4,2,1,2,2,3,4,1,1,1,2,1
52616,1,3,2,2,3,3,3,3,2,2,2,2,1,2,2,1,1
49506,1,4,3,2,4,4,2,1,2,2,4,3,1,2,2,2,1
40112,1,4,2,2,2,4,1,1,1,1,2,1,1,1,1,1,2
10016,1,4,1,3,3,4,3,3,2,2,2,2,1,2,2,1,2
15131,1,3,3,1,4,4,3,1,2,2,3,4,1,4,4,1,2
13538,1,4,1,1,3,4,4,1,2,1,3,2,2,1,1,1,1
30607,1,3,4,4,3,3,3,3,2,4,3,3,1,4,4,2,1
21022,1,3,2,3,4,3,2,3,3,2,3,2,1,1,1,1,2
26651,1,3,1,4,3,4,2,1,1,2,3,1,4,1,2,1,1
52030,1,3,4,4,4,1,4,3,1,2,3,4,1,1,1,2,2
28241,1,3,3,3,4,3,3,3,1,3,2,2,2,2,1,2,1
15726,1,2,1,1,3,3,1,1,1,2,3,2,1,2,2,2,2
52710,1,2,3,2,3,3,2,1,2,2,3,4,2,1,2,1,1
51112,1,3,2,3,2,3,3,3,1,2,2,2,1,1,2,2,2
40212,1,2,3,2,3,4,2,3,1,2,2,4,1,1,1,1,1
10611,1,2,3,1,2,3,2,3,2,2,3,2,3,2,2,2,2
20019,1,4,2,3,1,4,2,1,2,1,2,2,1,1,1,2,2
13539,1,3,2,4,4,4,3,3,2,1,2,4,2,1,4,2,2
28039,1,3,2,2,4,4,2,3,2,2,2,2,1,3,2,1,2
40016,1,2,1,1,1,1,2,1,2,1,4,4,1,2,2,2,2
23103,1,3,4,3,4,3,3,3,2,2,2,4,1,1,1,2,2
51612,1,3,3,3,3,3,3,1,3,9,3,2,1,1,1,2,2
10515,1,3,2,3,4,3,3,3,2,1,2,4,1,1,4,1,1
27520,1,4,3,4,4,2,4,3,2,2,4,2,1,4,4,1,2
24603,1,4,4,3,4,4,4,3,4,4,4,4,2,2,2,2,1
29214,1,4,4,3,4,4,4,3,4,4,2,4,1,3,3,2,2
20061,1,2,1,1,2,4,1,1,2,2,2,1,1,3,3,2,2
23140,1,3,2,2,3,3,3,3,1,1,2,2,1,1,2,1,2
31207,1,2,1,3,3,4,3,1,2,1,2,2,1,2,2,2,2
27204,1,3,3,2,3,4,2,3,3,3,3,4,1,2,2,1,2
18739,1,3,3,3,2,3,3,2,1,1,2,4,1,4,1,1,2
18535,1,3,2,3,3,4,3,3,1,1,2,1,1,1,1,2,2
27043,1,2,3,2,4,4,3,3,2,2,3,1,2,2,2,1,1
51209,1,4,3,4,3,4,3,1,1,2,2,4,1,3,2,2,1
21036,1,1,2,3,4,4,4,3,3,3,2,3,1,2,1,2,2
12209,1,4,3,4,4,4,4,1,2,1,2,3,1,1,1,1,1
20107,1,3,3,4,4,4,2,1,1,2,4,4,3,4,4,1,2
30204,1,4,2,1,1,4,2,3,1,1,3,1,1,1,1,1,2
33604,1,3,3,3,3,4,3,3,1,1,2,1,1,4,2,1,2
17648,1,3,2,1,3,4,2,1,2,2,2,1,1,1,1,2,2
18604,1,2,2,2,4,3,3,3,2,2,2,4,1,4,4,1,2
22510,1,3,2,1,2,3,2,1,3,1,1,1,1,1,1,1,2
18534,1,4,2,2,3,4,3,2,1,1,3,2,1,2,2,8,2
13602,1,4,4,3,3,3,4,3,1,1,5,3,1,1,1,1,2
10711,1,4,4,3,4,4,2,3,2,3,3,3,2,4,4,2,2
13117,1,4,2,3,4,3,2,1,2,3,3,3,1,1,2,1,2
27113,1,3,4,3,3,3,3,3,1,2,4,1,1,2,2,2,1
14126,1,1,1,1,3,4,2,1,1,1,1,3,1,1,1,2,1
18006,1,3,3,4,4,4,2,3,2,2,4,3,1,2,2,2,1
52108,1,4,2,4,3,4,3,3,4,2,2,4,1,1,1,1,1
24224,1,4,3,2,3,3,4,3,2,1,4,2,1,2,2,1,2
51715,1,3,2,3,3,4,3,1,2,2,3,4,1,1,1,1,2
27636,1,1,3,4,4,4,2,1,1,1,4,2,1,3,4,2,2
12713,1,3,2,1,1,4,3,3,2,3,3,1,1,1,2,2,2
24227,1,3,3,3,2,3,2,1,1,1,4,1,1,1,2,2,2
14627,1,3,3,2,3,2,2,1,2,2,4,2,1,1,2,1,2
20730,1,4,4,4,3,4,3,3,1,3,1,1,1,3,4,2,1
15602,1,3,2,1,4,2,3,1,2,2,2,4,1,2,2,2,1
18750,1,1,1,3,3,4,3,1,1,1,3,3,1,2,2,1,1
45015,1,2,3,2,4,4,2,3,2,2,3,1,1,2,2,1,2
20647,1,3,2,2,3,3,3,1,2,2,3,4,2,2,2,2,2
16653,1,1,3,1,2,3,1,3,2,2,2,1,1,2,2,2,1
26014,1,3,3,1,4,4,2,1,2,1,4,3,1,2,2,1,1
26719,1,4,3,2,3,4,4,3,4,3,4,4,1,2,2,1,2
20121,1,3,2,3,4,3,3,3,2,1,2,2,2,2,2,2,2
19623,1,4,3,2,3,4,3,1,2,1,1,2,1,2,2,1,2
44701,1,3,3,3,3,4,3,3,1,2,3,2,1,1,1,2,1
25216,1,4,3,3,4,3,3,2,2,2,4,3,1,3,2,1,2
27704,1,3,2,3,3,4,3,1,2,2,3,3,1,1,1,1,2
52707,1,3,3,3,4,3,1,1,2,2,1,2,1,1,1,2,1
19722,1,4,3,3,4,3,2,1,2,2,1,2,1,1,1,1,2
28513,1,3,4,3,3,4,4,3,2,2,2,3,1,4,3,2,2
34603,1,3,3,2,3,3,3,1,2,1,1,2,1,2,2,1,2
17539,1,3,1,1,3,4,4,1,2,3,1,2,1,1,1,1,1
33201,1,4,4,2,3,3,3,1,2,2,4,3,1,3,2,1,1
17507,1,4,4,4,3,2,3,3,2,1,1,1,1,1,2,1,1
52018,1,4,4,4,3,4,3,3,3,2,4,1,1,1,1,2,2
20509,1,3,1,3,3,3,3,3,1,1,2,1,3,2,3,1,2
13741,1,4,1,4,4,3,3,3,4,4,4,4,2,2,2,2,1
27712,1,4,3,2,2,3,2,1,2,4,4,4,2,1,1,1,1
16626,1,9,2,2,2,4,2,1,1,2,2,1,1,1,2,1,1
50109,1,2,2,2,3,3,3,3,1,1,3,1,1,1,1,2,1
25506,1,3,2,3,4,4,1,1,1,2,4,1,1,1,1,1,2
42710,1,3,2,2,3,2,3,1,2,2,3,4,1,2,4,1,2
22120,1,2,3,3,2,4,3,3,1,1,2,1,1,1,4,1,2
18508,1,3,3,3,3,3,2,1,1,2,3,2,1,1,1,2,1
11121,1,3,2,2,3,4,3,3,2,2,3,2,1,2,2,1,1
16109,1,4,4,2,4,4,4,3,2,1,3,1,1,2,2,2,2
18751,1,3,2,1,2,4,4,3,1,2,1,1,1,2,2,2,1
47611,1,3,3,4,4,4,3,3,2,2,2,2,1,2,3,1,2
35210,1,3,1,2,1,4,1,3,3,1,1,1,2,1,2,2,1
10732,1,3,2,2,3,3,2,3,3,1,2,2,1,2,2,1,2
40609,1,4,1,2,4,4,2,3,2,1,2,4,3,1,2,1,1
24736,1,4,2,2,4,4,2,3,2,1,3,4,8,2,3,8,2
10616,1,1,4,1,4,1,4,2,3,3,3,3,2,4,4,1,2
39613,1,2,3,2,4,4,3,3,1,1,1,1,1,2,2,1,2
24544,1,4,2,2,2,4,3,1,2,1,3,1,2,2,2,1,1
22241,1,4,1,3,4,4,4,3,3,1,3,2,1,2,2,1,2
28046,1,4,2,2,4,4,1,3,4,4,4,4,5,,,,2
15144,1,4,2,2,2,1,2,3,3,1,2,1,1,1,4,2,2
19710,1,3,2,3,4,3,2,1,3,2,2,2,2,1,1,1,2
24626,1,3,3,3,3,3,3,3,2,2,2,3,1,1,2,1,2
21241,1,4,1,2,4,4,1,1,1,2,1,2,1,1,2,1,2
25251,1,3,3,1,3,4,4,3,2,2,4,3,1,2,2,2,1
28522,1,3,2,3,4,3,3,1,2,2,2,2,1,4,4,1,2
21242,1,4,9,4,4,3,2,1,2,1,1,4,1,1,1,2,1
16603,1,2,3,3,4,3,2,3,3,2,3,4,1,1,1,1,2
25538,1,2,1,3,4,4,3,3,3,4,4,4,2,1,1,2,2
10219,1,1,1,2,4,3,2,3,9,9,9,9,9,9,9,9,9
25208,1,1,4,1,4,1,4,2,3,3,2,3,1,4,4,1,2
19231,1,4,2,1,1,4,3,3,2,2,3,1,1,1,1,1,1
11228,1,3,3,2,3,3,2,1,4,2,4,1,1,1,1,1,2
18756,1,4,2,2,3,3,2,3,3,3,3,3,1,1,1,1,2
26243,1,2,4,2,4,3,4,2,3,1,4,3,3,1,1,1,1
27729,1,4,4,4,4,4,2,3,2,2,1,3,1,4,4,2,2
35104,1,3,3,2,4,8,3,3,3,1,2,3,1,4,4,1,1
23203,1,3,2,1,4,4,3,1,1,1,2,2,1,1,1,2,2
42208,1,2,1,3,3,3,2,1,2,2,2,3,1,3,3,2,2
17242,1,2,1,2,3,4,2,3,1,2,2,2,1,2,3,1,2
26225,1,4,3,3,3,3,4,1,2,1,2,4,1,1,1,2,1
42209,1,2,3,2,3,4,3,1,2,2,2,2,1,2,1,1,1
26005,1,4,1,2,3,3,3,3,2,1,1,2,4,2,1,1,2
19206,1,2,3,2,3,4,3,3,2,2,3,1,2,2,2,1,2
26532,1,4,3,1,1,4,1,1,2,1,1,2,1,2,1,1,2
39212,1,3,2,1,3,1,1,3,1,1,2,4,2,2,1,1,2
44719,1,4,4,4,3,2,4,2,3,1,2,1,1,1,3,1,2
35205,1,3,1,8,4,3,2,1,2,1,2,2,1,2,3,2,2
13749,1,2,4,2,4,2,3,3,2,2,3,3,2,1,2,1,2
14223,1,3,3,2,3,4,3,3,1,1,3,2,1,4,2,1,2
14003,1,4,4,2,4,4,3,3,1,1,3,1,1,1,2,1,2
10637,1,4,1,1,2,2,4,3,2,1,2,2,1,3,3,2,2
10542,1,4,3,3,4,3,2,1,4,4,4,4,1,2,2,1,1
20229,1,1,2,1,2,4,2,3,2,2,3,4,1,1,1,1,2
21502,1,4,2,4,4,4,4,1,4,9,3,4,1,1,1,2,2
21044,1,4,1,1,1,2,2,3,3,1,2,2,1,2,1,1,1
18701,1,2,2,3,4,3,2,3,2,2,3,3,1,3,2,1,2
21607,1,1,1,2,2,4,1,3,1,2,2,1,1,1,1,1,2
19621,1,1,1,3,3,4,3,1,1,1,3,2,2,4,2,1,1
22531,1,2,3,1,3,4,3,2,3,3,4,1,1,2,1,1,1
27528,1,3,3,2,4,3,3,1,2,1,3,3,1,3,2,2,2
42117,1,3,2,4,4,4,2,1,1,3,3,3,1,1,2,1,2
18017,1,4,2,4,4,4,4,3,2,1,4,2,1,4,2,1,2
25542,1,3,3,3,4,3,2,3,3,2,4,3,2,1,2,2,2
22153,1,3,1,2,4,4,3,1,2,2,2,2,1,1,1,1,2
44012,1,2,4,2,1,4,3,3,1,1,2,1,1,2,3,2,2
24703,1,3,3,3,3,3,4,3,2,1,3,1,1,1,1,2,2
44129,1,3,4,2,3,3,2,3,1,1,2,2,1,1,4,1,2
23522,1,2,2,1,4,4,4,2,2,2,4,3,1,1,1,2,1
29506,1,4,3,3,4,3,3,3,3,1,2,2,1,2,2,1,2
26049,1,4,3,1,4,4,2,3,3,4,4,1,1,1,1,1,2
19110,1,2,4,2,4,4,2,1,2,1,2,1,2,1,2,2,2
19712,1,3,1,3,3,3,2,2,3,3,3,2,1,2,2,1,1
21511,1,4,3,2,1,4,2,1,2,2,2,2,1,4,1,1,2
43605,1,4,2,1,4,4,4,3,3,3,2,3,1,2,2,1,2
13514,1,4,2,3,4,2,3,3,4,1,4,1,8,1,1,8,1
13740,1,3,2,4,4,4,3,1,3,2,3,2,1,1,2,2,2
18008,1,3,3,3,4,3,3,3,2,2,4,2,2,2,2,1,1
51519,1,2,3,3,3,8,8,1,4,1,3,3,1,2,1,8,2
18102,1,2,2,3,4,4,1,1,3,2,4,4,2,1,1,1,2
42207,1,4,1,1,1,4,2,3,1,1,2,1,1,4,2,2,2
28531,1,4,2,4,2,1,4,3,1,1,3,4,1,1,1,2,1
48102,1,1,2,3,4,3,3,3,2,2,2,4,1,2,3,2,2
17115,1,2,1,3,3,4,2,3,2,1,3,1,1,2,2,1,1
19137,1,3,1,1,2,4,4,3,2,2,2,2,1,1,2,2,2
24047,1,1,2,2,3,4,2,1,2,2,3,2,1,1,1,1,2
46101,1,4,1,2,3,3,2,3,2,2,2,1,1,1,3,1,2
45203,1,3,4,2,4,4,4,1,1,1,2,4,1,1,2,1,1
26220,1,3,3,2,3,3,4,3,2,2,2,3,1,4,4,2,2
36708,1,1,1,1,3,4,1,1,3,3,4,3,2,3,3,2,1
38205,1,4,4,4,4,2,3,1,2,1,2,4,1,2,2,2,1
23044,1,3,3,3,4,4,3,3,2,2,1,1,2,1,2,1,1
24139,1,2,2,4,3,1,2,1,1,2,3,1,1,1,1,2,2
30005,1,3,2,3,3,3,3,3,2,1,3,3,2,4,4,1,1
43511,1,4,3,3,3,4,4,1,2,1,1,2,1,1,1,1,2
23640,1,3,1,1,4,4,1,3,2,2,2,1,1,2,2,2,2
24215,1,3,3,1,4,2,1,1,1,1,4,3,1,1,1,2,2
52624,1,2,2,2,4,3,2,1,3,2,3,4,1,3,4,2,1
16557,1,1,1,1,4,4,3,2,3,2,3,4,2,1,1,1,8
45213,1,3,2,3,4,3,3,3,1,1,3,4,1,1,4,2,2
31611,1,3,2,3,2,3,2,1,2,1,3,2,2,3,2,1,1
21111,1,1,4,1,4,3,2,3,2,1,2,3,1,1,1,1,1
15241,1,3,2,1,2,3,3,3,1,2,3,3,1,1,1,1,2
31209,1,2,4,1,4,4,2,3,1,1,3,2,1,1,1,1,1
52025,1,4,1,4,3,4,3,3,1,2,1,3,1,1,1,2,1
42005,1,1,3,2,2,4,2,3,1,1,4,1,1,1,1,2,1
24711,1,2,2,3,3,3,3,1,4,4,4,2,1,2,1,1,2
17726,1,3,2,3,2,4,2,1,1,1,1,1,1,1,2,2,1
13754,1,2,1,3,4,3,4,3,4,3,3,4,1,2,1,2,1
21721,1,4,3,1,1,4,3,1,2,2,3,3,2,3,4,2,2
14227,1,2,2,1,2,4,2,1,3,2,2,1,1,1,1,2,2
14023,1,4,2,1,3,3,4,3,2,1,2,2,1,1,1,1,1
18749,1,3,4,1,4,4,2,3,2,2,3,1,1,1,1,1,2
11632,1,3,2,2,4,4,2,3,3,1,3,4,1,1,2,2,2
44004,1,4,1,1,3,4,2,1,2,1,2,2,1,1,2,2,2
25221,1,4,4,2,4,4,4,3,3,3,3,3,1,4,4,2,2
37514,1,1,1,4,2,3,2,2,4,1,2,2,2,4,4,1,1
23630,1,3,2,2,2,2,3,3,2,2,3,3,1,2,1,1,2
28012,1,2,3,1,4,4,3,3,1,2,3,2,1,1,1,1,1
12525,1,4,1,1,2,4,2,3,2,1,2,1,1,1,1,2,2
40516,1,2,4,4,3,4,2,3,3,1,4,3,1,4,1,2,1
21004,1,4,4,4,4,4,4,3,4,4,4,3,1,2,2,2,2
27024,1,4,3,1,4,4,1,1,1,1,2,2,2,2,2,1,2
26728,1,2,1,3,3,4,2,1,1,1,2,2,1,2,2,1,2
52209,1,4,1,1,3,4,3,3,2,1,1,2,1,1,1,1,1
24044,1,2,2,3,3,3,4,3,3,1,4,4,1,4,4,2,2
41002,1,1,2,2,2,4,2,3,3,2,1,1,2,1,1,2,2
20037,1,3,4,3,3,3,2,3,3,1,2,3,1,4,4,2,2
44206,1,4,4,2,2,2,3,1,1,1,2,1,1,1,1,1,1
27111,1,2,2,2,3,4,3,3,1,1,4,4,1,4,4,2,2
20639,1,2,2,2,3,4,2,3,3,2,2,3,1,1,1,1,2
40116,1,4,2,3,3,4,2,3,2,2,4,4,1,1,1,1,1
27749,1,1,4,1,4,4,2,1,4,1,2,1,1,4,2,1,1
18717,1,2,2,2,3,3,2,2,2,3,2,2,1,1,1,1,1
18617,1,3,3,3,3,3,2,1,1,1,4,4,1,2,2,2,2
14604,1,3,2,3,4,3,3,2,2,2,4,3,1,2,3,1,1
16036,1,3,4,3,4,4,4,3,3,9,4,1,2,2,2,2,1
44009,1,4,2,4,2,4,2,1,1,2,1,1,2,1,1,1,1
17149,1,2,2,2,2,2,2,3,1,2,3,4,1,2,2,1,2
28020,1,1,3,1,3,4,3,1,1,2,3,1,1,1,1,1,1
31126,1,4,3,3,4,4,2,1,1,1,2,1,1,2,2,1,2
27641,1,4,4,2,4,1,4,1,3,4,4,1,1,1,2,1,2
23002,1,4,3,2,2,3,1,1,3,1,3,1,1,1,2,1,1
14720,1,3,2,1,2,4,4,3,1,1,1,1,1,1,1,2,2
28776,1,3,3,4,3,3,3,1,4,3,4,4,1,2,2,1,2
52101,1,4,1,2,3,4,2,3,3,1,2,2,2,1,2,2,1
50219,1,2,3,2,2,4,3,3,3,1,1,1,2,3,3,2,1
28526,1,3,9,9,4,2,3,1,2,2,3,4,1,2,2,1,2
51007,1,4,4,3,3,4,3,1,4,1,4,2,3,1,1,2,2
35621,1,4,1,4,4,4,4,1,1,1,2,4,1,2,1,1,2
45612,1,3,2,2,2,4,2,1,1,1,3,1,1,2,2,1,2
12215,1,3,2,2,3,4,3,3,4,4,2,3,1,2,2,2,2
18603,1,2,2,2,3,3,1,3,3,2,3,2,1,2,2,2,1
45611,1,2,1,1,9,4,2,1,2,2,2,2,1,1,2,1,2
39609,1,3,2,2,2,4,3,3,1,1,3,2,1,1,2,1,2
15736,1,2,2,1,4,3,2,3,1,4,4,3,1,3,4,2,2
25228,1,4,3,1,3,3,2,3,4,3,3,3,1,1,1,1,2
24204,1,4,2,2,3,3,4,3,2,2,3,3,1,3,3,1,2
26027,1,2,1,2,3,3,3,1,2,2,3,3,3,3,2,1,1
18648,1,4,1,4,3,4,4,3,1,1,1,1,1,2,2,2,2
47001,1,4,2,4,4,3,2,1,2,1,4,4,1,4,4,2,1
12619,1,4,1,2,3,4,1,3,2,2,3,3,1,2,2,1,2
44119,1,4,3,1,4,4,2,3,1,1,4,2,1,2,2,1,1
19734,1,2,2,1,2,2,4,3,1,1,4,1,1,1,1,1,1
23119,1,3,3,3,4,3,2,1,2,1,2,3,1,1,1,2,2
14053,1,2,2,2,4,4,3,2,2,2,2,3,1,1,2,1,2
13718,1,4,1,1,3,4,2,3,2,4,3,2,1,1,1,2,1
24037,1,4,3,3,3,3,4,1,1,1,3,3,1,3,3,1,2
16628,1,4,3,2,4,4,4,1,1,1,2,2,1,1,1,1,1
28725,1,4,2,3,4,4,3,3,3,2,4,4,1,1,1,2,2
27506,1,2,4,3,3,3,2,1,1,4,4,3,1,1,4,2,2
42501,1,2,1,1,3,4,2,3,2,3,2,2,1,1,1,1,1
22214,1,4,2,3,3,4,3,3,1,1,1,2,1,1,1,2,1
26754,1,2,1,3,4,4,2,1,4,2,3,1,2,2,2,1,2
28758,1,1,2,2,3,4,2,1,2,2,4,4,1,2,1,2,2
22759,1,3,3,1,3,4,3,3,2,2,2,2,2,2,2,2,2
48003,1,3,1,3,3,4,4,3,1,1,1,1,2,1,1,1,2
22512,1,3,1,3,4,3,2,3,1,2,3,2,1,2,2,2,2
18530,1,3,2,2,2,4,2,3,2,3,3,2,1,4,2,1,2
30202,1,4,1,2,1,4,3,1,2,1,3,3,1,1,1,2,1
12039,1,2,2,3,3,3,3,3,1,4,1,3,1,1,2,2,2
10546,1,3,2,2,2,3,2,3,4,4,1,1,4,1,4,2,2
28236,1,1,2,1,2,4,1,1,3,2,1,3,2,1,1,1,1
36607,1,3,2,3,3,3,3,1,2,2,3,3,1,1,1,1,1
47606,1,3,2,2,3,4,2,1,1,1,1,1,1,1,1,2,1
22207,1,3,3,1,4,3,2,3,3,2,2,2,1,1,1,1,1
26130,1,2,3,4,3,4,3,3,2,1,2,2,1,2,4,1,2
20519,1,3,2,2,2,4,2,3,3,1,2,3,1,4,2,1,1
25108,1,3,3,4,4,4,4,3,2,1,2,2,2,4,2,1,2
26003,1,3,2,2,3,4,2,3,2,1,3,4,1,3,3,2,2
11135,1,1,1,1,4,4,2,1,2,2,3,2,2,2,2,1,2
49708,1,1,2,2,3,4,4,3,1,1,1,1,1,1,3,2,2
24616,1,4,4,3,3,4,3,3,4,2,3,2,2,2,2,2,1
28221,1,3,2,4,4,2,2,3,3,2,1,4,2,1,2,1,1
22754,1,2,1,1,3,4,2,2,3,2,2,2,2,2,2,2,1
11648,1,4,2,2,2,4,2,1,1,1,1,1,1,1,1,2,1
20641,1,3,1,2,4,4,1,1,2,1,3,4,1,2,1,1,2
16011,1,2,1,9,3,4,2,3,1,2,2,4,3,1,2,1,1
20008,1,2,4,3,3,4,3,1,2,1,2,2,1,4,4,2,1
40701,1,3,4,4,4,4,3,3,2,1,2,1,1,3,4,1,1
20631,1,4,4,2,4,2,3,2,1,1,2,3,2,2,4,2,2
39214,1,4,4,3,4,3,4,3,3,4,4,2,1,3,2,1,2
26526,1,4,1,1,2,4,4,3,4,1,3,3,1,4,4,2,2
11712,1,2,9,3,4,4,2,1,3,1,3,2,1,1,1,1,1
20041,1,4,3,1,4,4,3,3,2,1,5,1,1,1,2,1,2
41204,1,2,2,3,3,4,1,1,1,2,1,2,2,2,4,1,2
21530,1,4,3,3,2,4,2,2,3,4,3,4,1,3,3,1,2
32603,1,2,3,2,4,4,2,1,4,1,2,3,2,4,1,1,1
14708,1,1,1,1,3,4,4,3,1,2,2,4,1,4,4,1,1
19716,1,3,3,1,4,4,2,2,3,3,3,2,1,1,1,1,2
20256,1,3,1,1,2,4,1,1,2,2,3,3,1,2,2,2,2
12708,1,3,3,3,3,3,3,3,2,3,3,3,1,3,2,2,2
16715,1,4,1,3,1,4,4,3,4,2,5,1,1,1,1,2,1
31111,1,4,3,2,3,4,3,3,2,2,3,4,1,2,2,2,1
26703,1,4,1,1,4,4,4,1,1,4,3,1,1,1,2,1,2
21041,1,4,3,3,4,3,4,3,1,2,3,4,1,2,4,5,2
47011,1,3,1,2,4,4,3,1,1,1,1,3,1,4,4,1,2
21104,1,4,4,1,4,4,4,3,1,1,2,1,1,1,1,2,8
14510,1,4,1,3,3,3,3,3,1,1,2,2,1,2,2,1,2
19201,1,3,1,1,1,3,4,3,3,2,2,3,1,2,1,1,2
21213,1,4,3,1,4,3,2,1,4,1,1,1,1,1,1,1,2
11011,1,4,1,2,2,4,3,1,2,2,2,2,1,1,2,1,2
23028,1,4,2,1,3,4,3,3,1,1,2,2,1,1,1,2,1
51707,1,4,4,3,3,3,4,3,1,1,4,4,1,2,2,2,2
28214,1,3,3,2,3,3,3,3,1,2,2,3,1,1,1,1,2
19039,1,3,3,3,3,2,3,3,2,2,1,4,1,3,3,1,2
51010,1,4,2,1,3,4,3,1,1,1,1,2,1,4,1,1,2
25130,1,2,3,2,4,3,3,1,2,1,4,4,1,1,2,2,2
17603,1,3,2,2,3,3,4,1,1,1,2,2,1,2,2,1,2
13628,1,3,1,4,4,4,2,1,2,2,2,3,1,1,1,2,2
52511,1,4,2,2,1,4,3,3,4,1,1,1,1,1,1,1,2
35137,1,3,2,3,4,4,2,1,1,1,2,3,1,1,2,2,1
38702,1,3,3,1,2,4,2,3,1,2,3,1,2,1,2,1,1
28638,1,3,1,3,4,4,3,3,2,2,2,3,1,4,2,1,2
18135,1,4,4,3,3,3,3,3,3,1,1,1,1,4,3,2,1
11707,1,2,1,1,3,4,3,3,1,1,2,2,1,1,2,1,1
21233,1,3,2,2,3,2,1,1,2,9,9,3,2,2,2,8,2
49604,1,3,1,2,3,4,1,3,2,4,2,2,2,2,2,1,2
17201,1,3,3,3,1,4,3,3,1,2,1,2,1,1,1,1,2
29208,1,3,3,2,3,3,3,3,2,2,2,2,1,1,1,1,2
43709,1,4,4,2,4,3,3,1,1,1,1,1,1,2,2,2,1
15617,1,3,2,1,3,3,3,2,3,2,3,4,1,1,2,1,2
21029,1,3,1,3,3,4,2,3,2,2,5,1,1,2,2,2,2
20115,1,3,1,1,4,4,4,3,2,2,2,3,1,1,2,8,2
40101,1,3,4,3,3,4,4,1,1,1,3,4,1,1,2,1,1
20717,1,3,4,3,4,2,2,1,2,2,4,2,2,2,2,8,2
30209,1,3,2,1,2,4,4,3,1,2,1,3,2,1,3,1,2
17524,1,3,1,1,4,9,4,2,4,1,2,2,1,4,4,1,1
18121,1,4,4,4,4,4,1,3,1,1,9,2,8,4,8,8,2
43203,1,4,1,3,1,4,2,1,2,2,2,4,1,1,2,1,2
28043,1,3,3,4,4,4,2,2,1,1,2,3,1,2,2,2,1
24517,1,4,4,4,3,3,4,3,2,2,4,4,8,2,4,8,2
28220,1,3,4,4,4,1,3,1,1,1,4,1,5,,,,2
52016,1,3,4,3,3,4,2,1,4,2,4,2,1,2,1,2,2
10510,1,3,2,2,2,3,2,1,1,1,2,3,1,1,1,1,2
26722,1,2,3,3,4,4,2,3,2,1,2,3,1,1,1,1,2
13041,1,3,1,3,4,4,3,3,2,1,2,1,1,1,1,1,2
20610,1,4,2,2,3,4,2,1,3,3,3,4,1,1,2,2,2
17613,1,4,1,1,3,3,3,3,1,1,2,2,1,1,1,2,1
36111,1,4,3,4,4,4,4,3,1,1,2,1,1,1,4,1,2
25129,1,3,2,2,4,4,2,1,2,1,3,2,1,4,2,2,2
27663,1,2,2,3,3,3,2,3,3,2,3,2,1,1,2,1,2
40110,1,2,1,3,4,4,2,1,1,2,2,1,1,1,1,2,1
18103,1,3,4,3,4,3,2,1,2,1,2,4,1,1,1,2,2
23220,1,4,3,1,2,2,3,1,2,1,2,1,2,2,2,1,1
16742,1,2,3,2,3,4,3,3,3,2,3,2,1,3,2,1,2
40107,1,3,4,4,4,1,2,1,2,2,3,1,1,2,2,2,2
33109,1,3,4,2,3,4,4,3,1,1,4,1,1,4,4,1,2
20734,1,4,3,2,3,3,2,1,3,2,3,2,1,1,1,1,2
28152,1,4,1,1,4,3,2,3,3,1,1,2,2,1,2,1,1
20729,1,3,2,3,4,4,1,3,4,2,4,4,2,4,4,2,2
24727,1,2,4,4,3,4,3,1,2,2,3,3,1,2,2,2,2
26119,1,4,3,4,3,4,4,1,1,1,2,3,1,1,1,1,2
19533,1,2,1,3,2,4,3,3,1,1,3,3,3,1,3,2,2
18659,1,4,3,3,3,2,2,3,2,2,2,2,1,1,4,2,1
43211,1,4,4,2,4,4,3,3,3,2,3,3,1,2,2,2,2
12145,1,3,3,3,3,3,2,3,2,3,2,2,1,1,1,1,1
12533,1,3,3,4,4,4,3,1,1,1,2,2,3,1,2,2,2
14537,1,4,1,1,1,4,3,1,1,1,5,3,3,1,1,1,1
51003,1,4,8,4,3,4,2,1,2,2,3,3,2,2,2,1,2
33105,1,8,4,3,3,3,3,1,1,1,2,2,1,3,1,1,1
18611,1,4,2,2,3,4,2,3,2,2,2,4,1,1,2,1,2
52003,1,1,1,4,4,4,4,3,1,1,4,4,1,9,1,1,1
18236,1,4,2,1,1,4,2,3,2,3,3,1,1,1,1,1,1
22053,1,3,1,1,4,2,1,3,1,1,4,2,1,1,1,1,1
12529,1,3,1,2,3,4,2,1,3,1,2,3,2,2,2,2,2
22751,1,4,2,1,2,4,3,3,2,1,3,3,2,1,2,1,1
21116,1,3,3,2,4,4,3,3,1,1,2,1,2,1,1,1,8
23635,1,2,4,4,4,2,3,3,1,1,1,4,1,4,4,1,2
11107,1,2,2,3,3,2,4,3,2,3,2,1,1,2,4,2,2
28602,1,3,1,1,4,4,2,1,1,2,4,3,2,1,1,1,2
24521,1,3,2,3,3,3,3,3,4,4,4,4,8,4,4,8,2
17127,1,1,3,2,4,4,3,1,2,1,2,1,1,4,2,2,2
23016,1,4,2,1,2,4,2,3,2,1,1,1,1,1,2,1,2
14224,1,3,2,2,3,4,3,1,2,3,3,2,3,1,1,2,2
26718,1,4,2,4,2,3,3,3,2,1,4,3,2,1,1,1,1
13745,1,3,2,2,3,3,2,3,3,2,4,1,2,1,1,1,9
26260,1,3,3,3,3,4,2,1,2,2,2,3,1,1,1,1,2
16026,1,3,2,1,3,3,2,3,1,1,2,2,1,2,3,1,1
40216,1,3,1,3,4,3,3,3,1,2,3,3,1,1,1,1,1
24738,1,4,3,2,2,3,2,1,1,1,3,1,1,2,2,2,2
42007,1,2,2,3,4,3,4,3,2,2,2,2,1,2,2,2,2
22021,1,3,3,1,1,4,2,3,3,2,2,2,1,2,2,1,2
21207,1,4,3,3,4,3,2,3,2,2,2,2,1,4,2,2,2
20114,1,3,2,2,4,3,4,1,1,1,2,2,1,1,1,1,1
12632,1,1,2,3,3,3,1,3,2,1,2,2,1,3,3,2,2
35608,1,4,4,4,4,3,4,3,4,2,2,3,1,1,2,1,2
29706,1,4,3,2,4,4,2,3,1,1,1,2,1,1,1,1,2
31703,1,9,1,9,9,4,3,3,1,1,3,3,1,2,2,1,2
47708,1,4,2,2,4,2,4,3,2,1,4,3,1,2,2,1,2
26242,1,3,2,3,4,3,2,3,3,2,2,1,1,2,3,1,2
24604,1,2,4,2,4,2,2,3,2,3,3,1,2,2,2,2,1
15744,1,4,4,3,2,3,2,3,3,2,3,2,1,3,1,8,2
13734,1,3,1,2,3,4,3,3,2,1,1,2,1,1,2,1,2
23637,1,4,3,3,3,3,4,2,2,1,2,2,1,2,3,2,2
23550,1,4,3,1,4,4,3,1,2,2,3,1,1,1,1,1,1
23735,1,2,4,3,4,4,2,3,2,2,3,4,1,4,2,1,1
28710,1,1,3,4,4,4,2,1,2,2,3,4,1,1,1,2,1
13141,1,4,1,3,3,4,3,3,2,2,4,4,1,4,4,1,2
20059,1,4,3,2,3,2,3,1,4,2,2,2,2,1,1,2,1
22205,1,2,1,2,3,4,2,3,2,2,2,4,2,1,2,1,1
39208,1,3,1,2,4,3,4,2,2,1,3,4,1,4,3,2,1
18159,1,4,3,3,3,4,3,3,2,2,4,1,1,2,2,1,2
32206,1,1,1,1,4,4,1,1,2,1,2,1,2,1,1,1,2
10548,1,4,3,3,4,4,4,2,2,1,3,3,3,4,2,1,2
17205,1,3,2,3,4,3,2,1,1,1,1,3,1,2,2,2,2
22033,1,3,3,2,4,4,2,1,2,1,2,3,2,2,2,2,2
12634,1,3,1,2,3,4,3,1,2,1,2,2,1,3,3,2,2
13733,1,3,2,2,3,4,2,1,2,2,3,2,1,1,1,2,2
18024,1,4,4,4,3,3,3,3,2,2,3,1,1,2,2,1,2
25118,1,3,3,4,3,4,3,3,2,1,3,1,1,1,2,1,1
16702,1,2,2,2,2,4,2,1,2,2,3,2,2,1,1,1,2
19203,1,3,2,2,2,4,2,3,3,3,3,1,1,1,2,1,2
12628,1,3,2,3,3,4,2,1,1,1,2,1,1,1,1,1,2
22528,1,3,3,2,3,3,2,3,3,3,4,3,1,2,2,2,2
15520,1,4,1,2,2,4,3,3,1,2,5,1,1,1,1,1,2
14214,1,3,2,2,4,4,2,3,2,2,4,3,2,2,2,2,2
41607,1,4,3,2,2,4,2,1,3,3,3,1,2,1,2,1,2
27146,1,3,4,4,3,3,3,3,2,2,2,2,1,1,1,2,2
28757,1,4,4,3,4,2,2,1,2,1,4,4,2,1,1,1,1
30008,1,3,4,2,4,3,3,3,2,2,2,4,1,4,4,1,2
13011,1,2,2,2,3,3,3,3,1,1,1,2,1,2,2,2,2
24105,1,4,4,1,3,4,3,3,1,1,3,1,1,1,1,1,2
11641,1,2,4,3,3,4,4,1,2,2,2,2,1,2,1,1,2
18744,1,3,3,2,3,3,2,3,2,2,4,3,1,1,2,2,2
27538,1,4,2,4,4,4,4,3,1,2,3,3,1,2,3,2,2
25123,1,2,1,1,3,3,3,3,2,1,3,2,1,1,1,2,2
51205,1,4,2,1,4,4,3,1,2,1,2,1,2,2,2,1,1
19636,1,4,3,1,3,4,3,3,3,1,3,2,1,4,2,2,2
13531,1,2,1,2,3,3,3,1,3,2,2,3,2,1,2,2,2
28622,1,3,2,3,2,3,4,3,1,2,2,2,1,1,2,1,2
23532,1,4,2,3,2,4,2,1,1,2,4,4,1,1,2,1,1
23519,1,4,4,1,1,1,3,1,4,2,2,3,1,4,1,2,1
47510,1,2,4,2,3,4,3,3,1,1,2,3,1,2,1,2,1
23724,1,2,4,2,4,4,2,3,2,2,3,4,1,1,1,2,2
27551,1,3,4,3,4,4,3,2,2,1,3,4,1,2,2,2,1
21101,1,4,3,3,3,3,3,3,2,2,3,2,1,1,1,1,1
51210,1,3,1,1,3,4,2,2,2,1,2,1,1,3,3,2,1
15637,1,3,2,2,3,3,3,3,2,1,3,3,1,1,8,1,2
34101,1,4,2,2,4,4,4,3,2,1,2,2,1,4,2,1,2
34610,1,4,4,3,3,4,3,3,3,2,2,4,3,1,1,2,1
23008,1,3,2,4,3,4,3,1,2,2,2,2,2,1,1,1,2
11728,1,4,3,1,4,4,3,1,1,3,3,3,1,1,1,1,1
20602,1,2,1,4,2,4,3,3,4,1,2,3,2,2,3,1,2
35714,1,2,4,4,1,1,1,3,4,3,3,1,1,2,2,2,2
47106,1,4,4,3,4,4,3,1,1,1,4,3,1,1,1,1,2
49111,1,2,1,1,4,2,2,1,4,3,3,3,2,2,4,1,2
11132,1,4,4,2,4,4,3,1,1,1,2,1,1,1,4,1,2
43703,1,4,3,2,4,4,3,3,2,2,3,2,1,1,1,1,2
23731,1,3,3,2,4,4,2,3,2,1,2,2,1,1,4,2,1
15143,1,4,4,1,4,4,1,1,2,2,4,4,2,1,1,1,2
22051,1,3,2,2,4,4,1,1,1,1,4,4,2,1,1,1,2
23039,1,3,4,3,4,2,4,1,1,1,2,1,1,1,4,2,1
33203,1,2,1,2,3,4,4,3,3,2,2,2,1,1,2,1,1
17212,1,2,2,4,3,4,3,1,3,1,3,4,1,1,3,2,2
15209,1,3,4,2,2,2,4,3,2,1,1,3,2,4,4,1,1
24036,1,3,3,2,2,3,2,1,3,2,2,2,1,2,2,1,1
35110,1,3,2,2,3,2,3,1,4,2,2,1,1,1,2,1,2
28711,1,4,4,4,4,1,2,1,1,1,2,2,1,2,1,1,2
11709,1,1,4,1,3,4,1,3,1,1,1,3,1,1,1,1,1
12617,1,1,3,1,4,1,3,1,2,4,2,1,1,3,2,2,2
12214,1,4,1,1,2,4,1,1,2,3,3,3,1,2,4,2,1
52510,1,2,2,2,1,3,4,3,3,2,2,2,1,1,1,1,2
18130,1,4,3,3,4,3,4,1,2,2,4,3,1,3,2,1,2
35602,1,3,1,2,3,4,2,1,2,1,3,2,1,1,2,1,2
22543,1,2,2,2,2,4,2,3,2,2,2,1,1,1,1,2,1
50705,1,3,2,2,2,4,3,1,1,1,2,1,1,4,2,2,2
13014,1,2,2,3,4,3,3,3,2,2,2,1,1,2,2,2,2
35701,1,3,2,1,4,3,3,1,3,2,3,3,1,1,2,2,2
35618,1,3,3,2,4,4,3,1,1,2,3,1,1,4,4,1,2
41608,1,4,3,1,2,4,2,1,4,2,2,2,1,3,1,1,2
22156,1,4,3,1,4,4,3,1,1,1,3,1,1,1,2,1,1
19228,1,3,3,1,3,4,1,1,1,1,3,3,1,1,1,1,1
24538,1,3,3,3,3,3,3,3,3,3,4,4,8,2,2,8,2
25150,1,3,1,3,4,4,4,1,2,1,2,3,1,2,2,2,2
47714,1,4,1,3,3,4,4,3,2,1,2,2,1,1,1,1,2
29205,1,2,2,2,3,3,2,3,2,3,2,1,1,1,8,1,2
22123,1,2,4,1,3,4,2,3,2,2,2,1,1,1,1,2,1
14127,1,2,2,2,4,3,3,1,4,2,2,2,1,2,4,1,2
28055,1,3,1,2,3,4,2,3,3,1,1,1,1,1,3,1,1
38001,1,4,4,4,4,3,4,2,3,1,3,4,1,2,2,2,2
25505,1,3,3,3,4,4,3,1,3,4,3,4,1,2,2,2,2
12536,1,3,3,3,3,3,3,3,1,2,2,4,2,1,2,1,1
29520,1,4,4,4,3,4,3,1,4,4,4,3,1,1,4,2,2
16202,1,4,4,1,4,4,4,1,1,1,2,3,1,1,4,1,1
27205,1,3,3,1,2,4,3,3,2,1,3,1,2,2,2,1,1
27564,1,3,3,4,4,4,3,1,3,2,4,4,1,1,4,2,1
20649,1,3,2,4,3,4,3,3,1,1,1,1,1,1,4,2,2
27016,1,2,1,2,3,4,2,1,1,1,4,2,2,1,2,2,1
24739,1,3,3,2,3,4,2,3,1,3,3,1,1,1,1,1,2
20178,1,3,3,4,4,3,4,3,3,2,2,3,1,1,2,2,9
12147,1,3,2,2,2,3,2,1,4,1,2,2,3,1,2,1,2
24743,1,4,2,1,3,4,2,3,2,3,3,3,1,3,2,1,2
24007,1,2,2,2,3,3,3,3,2,2,1,3,1,1,3,2,2
19005,1,3,3,1,3,3,2,3,3,1,2,1,1,1,1,2,1
24543,1,2,2,2,4,2,3,1,2,2,3,3,1,1,2,1,2
11508,1,4,2,4,3,4,4,3,3,3,4,2,1,1,1,2,2
26211,1,2,1,3,3,4,2,1,2,3,4,3,1,3,3,1,2
22129,1,2,2,1,4,4,1,1,2,2,4,3,2,2,2,1,2
22740,1,4,3,1,4,4,4,3,2,2,3,3,1,1,2,2,2
12622,1,4,2,1,3,4,2,1,2,2,1,3,1,3,3,2,1
13236,1,4,3,3,4,4,1,1,1,2,3,3,2,2,2,1,1
12112,1,4,1,1,3,3,3,3,3,1,2,4,1,1,2,2,2
23625,1,4,3,1,3,4,3,1,2,2,4,2,1,1,2,2,2
41106,1,3,3,1,4,3,3,1,3,1,1,1,1,1,1,1,1
22624,1,4,3,3,4,4,2,3,4,2,4,1,1,2,4,2,1
25259,1,4,9,3,1,4,3,3,2,1,2,1,1,2,2,1,1
30004,1,2,3,4,3,4,4,3,2,2,3,2,1,1,1,1,2
20221,1,3,2,3,3,3,3,1,2,2,2,2,1,2,3,2,2
29608,1,3,3,3,2,4,2,3,1,2,4,3,1,1,2,2,1
42609,1,1,1,3,4,4,1,2,2,1,4,4,1,1,1,8,2
17728,1,3,2,2,3,3,2,3,1,2,2,4,1,1,1,1,1
25115,1,2,3,3,3,2,3,2,2,2,4,2,1,1,1,1,2
27518,1,3,4,3,3,4,3,3,1,2,1,3,1,2,1,2,2
14635,1,3,3,3,4,4,2,1,2,2,3,3,1,2,2,1,1
20605,1,2,3,4,2,3,3,3,2,2,2,3,1,2,3,1,2
15542,1,4,4,3,4,3,3,3,2,2,3,1,1,1,2,1,1
26525,1,3,3,3,2,4,2,3,2,2,4,1,1,4,2,2,2
16720,1,1,1,1,3,4,3,3,2,3,3,1,2,1,2,1,1
33610,1,4,4,3,3,4,4,3,1,1,2,3,1,4,1,1,2
19639,1,2,2,3,4,4,1,1,1,2,2,4,1,2,2,1,1
19612,1,2,1,1,4,4,3,1,1,1,5,2,1,1,1,1,2
10011,1,4,2,1,4,2,4,1,3,1,3,1,1,1,4,1,2
48008,1,4,1,3,3,2,2,3,9,9,9,9,9,9,9,9,9
45713,1,1,1,1,1,4,2,3,1,1,4,2,1,1,1,2,1
30106,1,2,3,2,3,4,3,3,4,9,3,4,1,2,2,2,1
42113,1,3,2,2,3,3,2,1,2,2,2,2,1,1,1,1,2
25001,1,3,4,3,3,3,4,3,2,2,3,4,2,2,1,2,1
22238,1,3,1,3,4,3,3,1,1,2,3,2,1,1,1,1,2
26222,1,2,1,2,1,4,3,1,1,2,2,4,4,1,1,1,2
19739,1,3,2,2,4,4,2,1,2,2,2,2,1,1,1,2,2
37107,1,3,1,1,2,4,4,3,1,1,5,1,1,1,1,1,1
36002,1,4,4,2,1,4,1,3,1,1,3,1,2,1,2,2,1
23141,1,3,1,1,1,4,4,3,1,1,1,1,1,1,2,2,2
33505,1,4,4,4,4,2,3,3,2,9,2,3,1,1,2,1,2
28733,1,3,3,3,3,4,3,1,2,1,1,3,1,1,2,2,2
52526,1,2,4,4,4,4,2,1,1,2,2,3,1,1,2,8,2
34612,1,2,1,2,4,4,1,1,2,1,2,3,4,1,1,2,1
22126,1,3,2,3,3,4,2,3,4,4,3,3,1,3,2,1,2
23727,1,4,1,1,4,4,4,3,2,2,2,3,1,4,4,2,1
25013,1,3,3,2,3,3,2,1,2,2,4,3,1,2,3,2,2
50516,1,3,3,2,3,4,2,1,1,1,3,2,2,2,2,1,1
27114,1,2,1,2,4,4,3,1,2,2,4,1,1,2,2,1,2
21503,1,3,3,2,4,2,3,3,4,4,4,3,2,2,3,1,2
35527,1,2,4,3,4,4,4,3,2,1,2,2,1,4,4,1,2
12509,1,2,2,1,3,3,2,1,1,2,2,2,1,1,1,1,2
25628,1,2,1,3,3,4,2,1,4,2,4,4,1,2,2,2,2
20215,1,2,4,1,3,1,2,3,4,1,4,4,2,2,2,2,2
12720,1,3,4,2,3,3,3,3,1,2,2,4,1,1,3,1,2
17102,1,4,1,1,4,4,3,3,1,1,1,2,1,1,1,1,1
18657,1,4,4,4,4,4,4,3,2,2,4,4,1,4,4,2,1
39615,1,3,1,2,3,4,2,9,2,2,4,2,1,2,2,1,2
15502,1,2,3,4,2,4,2,3,3,2,4,4,1,3,2,1,2
16004,1,4,3,3,4,3,2,3,3,3,3,3,1,4,4,2,1
10622,1,4,4,1,4,4,4,3,2,2,1,4,1,1,2,1,1
20736,1,3,2,3,4,3,3,3,2,1,2,3,1,1,4,2,1
38007,1,4,3,1,3,4,2,1,3,1,4,3,1,2,3,2,1
14605,1,3,2,1,1,4,1,3,1,1,3,1,1,1,2,2,2
43207,1,4,2,2,4,2,2,3,2,2,3,3,1,2,2,2,1
39616,1,4,3,3,3,3,3,3,1,1,4,1,1,2,3,1,2
28637,1,2,4,1,4,1,4,1,3,1,3,4,1,1,2,1,9
17711,1,4,1,1,1,4,3,1,1,1,1,1,1,1,2,1,1
52620,1,3,3,2,3,3,2,3,2,2,3,4,1,1,1,1,1
25164,1,3,3,3,4,3,4,2,2,1,3,3,1,2,3,2,2
20155,1,2,2,2,3,4,4,1,2,1,3,2,1,1,4,1,2
28112,1,2,4,3,4,4,1,3,1,1,1,3,4,1,4,5,2
25231,1,3,2,4,4,3,3,3,2,2,2,3,1,2,1,1,1
17234,1,2,1,2,2,4,1,1,2,2,3,3,1,2,2,1,2
19004,1,3,1,2,3,3,1,1,1,1,4,1,1,1,1,1,2
29611,1,4,4,1,4,4,3,3,1,1,2,2,2,2,2,2,2
47010,1,3,3,3,3,3,3,3,2,2,2,1,1,1,2,1,2
27624,1,4,4,2,4,4,4,3,2,1,3,3,2,1,2,2,2
44716,1,4,4,4,3,4,4,2,3,3,3,2,1,2,9,1,2
24746,1,4,1,2,3,4,2,2,1,1,4,3,1,1,1,1,2
32203,1,4,1,2,2,3,3,1,4,1,3,2,1,3,4,2,2
13022,1,4,2,4,3,4,3,1,4,1,4,2,1,3,4,2,2
20158,1,3,4,4,4,4,3,2,1,4,4,4,1,8,2,2,2
10632,1,4,1,2,3,4,4,3,2,3,4,4,2,1,1,2,2
17528,1,2,1,1,2,4,2,3,4,2,2,1,1,1,1,2,9
25034,1,4,3,2,4,3,4,3,4,1,4,2,1,3,3,2,1
22128,1,4,3,2,4,1,4,3,2,2,2,3,4,1,1,1,2
25617,1,4,1,2,4,4,4,1,4,1,1,3,1,4,4,2,2
25050,1,4,3,3,3,3,3,2,2,2,4,3,1,1,2,2,2
13565,1,3,1,1,2,3,1,1,2,1,3,1,1,2,2,1,1
20544,1,3,3,3,3,3,3,3,2,3,2,4,1,2,2,2,2
16754,1,4,4,4,4,1,1,3,1,3,4,2,1,4,4,1,2
45717,1,2,1,8,4,3,2,3,3,2,3,3,1,3,2,1,2
27151,1,4,1,4,4,4,3,1,2,2,2,2,1,4,2,1,2
36603,1,3,3,1,2,4,3,1,1,2,2,1,1,4,2,2,9
24129,1,4,3,2,4,3,3,1,2,1,2,3,1,3,2,1,1
17519,1,2,1,1,3,4,2,1,2,2,4,2,1,2,2,2,1
26536,1,4,3,2,4,2,2,1,1,2,4,3,1,2,2,2,2
23732,1,2,2,3,2,2,2,3,1,1,2,4,1,1,1,2,2
28559,1,3,1,4,3,4,2,3,2,2,4,3,1,2,2,2,2
11516,1,3,2,2,3,4,2,3,2,2,4,1,1,1,1,2,2
20648,1,3,3,2,4,4,3,3,3,3,3,3,2,3,4,1,1
40201,1,4,3,2,3,4,2,1,2,2,4,3,2,1,1,1,1
14204,1,3,4,2,4,3,2,1,2,1,2,1,1,1,2,1,2
22633,1,3,3,4,4,4,3,1,2,2,3,3,1,2,2,1,2
15123,1,4,1,2,4,4,3,3,3,2,3,3,1,2,2,1,2
13739,1,1,1,2,4,4,2,3,4,1,2,3,1,3,1,2,1
28051,1,2,2,1,4,2,1,2,4,4,4,1,1,1,1,2,1
36502,1,3,2,3,1,4,4,3,2,2,1,3,1,2,2,1,1
10015,1,4,3,1,1,4,4,3,2,1,2,2,1,1,1,1,2
16030,1,4,3,4,4,4,3,1,1,2,4,2,1,2,2,2,1
10126,1,3,3,4,4,4,3,1,2,1,2,1,1,3,4,1,2
18009,1,3,3,3,3,3,3,3,1,1,3,2,1,2,2,8,2
20535,1,3,3,2,2,3,3,3,2,1,2,2,2,2,2,1,2
13610,1,2,1,4,4,4,1,2,1,1,2,2,1,4,4,1,2
12008,1,2,3,2,4,4,3,3,3,2,2,3,1,1,2,2,1
22114,1,3,2,3,3,4,3,3,1,1,2,1,1,1,1,1,1
28116,1,2,3,2,4,4,4,3,2,1,2,3,1,1,1,1,2
32606,1,4,2,2,4,4,3,1,3,1,2,3,1,2,2,1,2
16706,1,4,1,1,3,3,3,1,1,1,4,2,1,4,4,2,1
13566,1,1,2,1,3,4,1,3,2,1,4,3,1,3,3,2,9
18112,1,4,3,3,4,4,3,3,1,1,2,2,1,2,2,2,2
28127,1,3,4,2,4,3,2,2,4,1,4,2,2,1,1,1,2
27201,1,4,4,4,4,3,2,1,2,1,2,2,1,4,4,1,2
21215,1,4,2,2,2,4,3,3,2,9,2,2,1,1,1,1,2
17049,1,3,4,3,4,2,2,2,1,2,2,1,2,1,4,1,2
23633,1,2,2,1,1,4,3,1,2,3,2,3,1,1,2,1,2
20609,1,3,2,4,3,2,2,1,2,2,3,3,1,2,2,8,2
35209,1,4,4,1,3,2,3,3,2,2,4,4,1,2,2,1,2
20209,1,1,3,1,1,3,2,3,1,1,3,4,2,1,4,1,1
33216,1,4,2,2,1,4,1,1,1,1,3,3,1,2,2,1,2
17018,1,4,1,1,3,4,2,3,2,1,3,4,1,1,1,2,1
19122,1,3,2,1,1,4,3,3,3,2,2,1,3,1,2,2,1
19030,1,2,2,1,2,3,2,3,2,3,3,1,1,1,2,1,2
42203,1,4,2,2,3,4,3,2,2,2,5,1,1,2,1,2,2
23218,1,3,1,3,3,3,3,3,2,1,2,2,1,1,1,2,2
15734,1,4,4,4,4,4,2,1,2,1,2,2,1,1,1,2,2
15631,1,4,4,4,4,4,4,1,2,2,2,3,1,1,1,2,2
35026,1,3,2,2,3,3,2,1,3,2,2,3,2,3,3,1,2
12011,1,3,3,3,3,3,3,3,3,2,3,4,1,2,4,1,2
25018,1,3,1,4,3,4,1,3,4,2,4,2,1,1,2,2,2
45201,1,3,2,2,3,3,2,9,2,2,4,3,1,2,2,1,2
27128,1,3,3,3,4,3,3,3,1,1,3,1,1,2,3,1,1
23711,1,3,1,2,2,4,2,3,2,2,4,3,1,2,2,1,2
17510,1,4,4,3,1,2,3,2,2,1,3,2,1,2,2,1,2
29004,1,4,2,3,3,3,3,1,3,1,3,3,1,2,3,2,2
51118,1,2,3,2,3,3,3,3,2,1,1,1,1,1,1,2,1
41103,1,4,2,2,3,4,1,1,2,2,3,2,1,1,2,1,2
25253,1,3,3,3,4,4,4,3,2,3,3,3,1,1,2,2,2
11217,1,4,3,1,3,3,1,3,2,2,3,3,1,2,2,1,2
19034,1,3,2,2,3,4,2,1,2,3,5,3,1,1,1,2,2
42212,1,4,3,3,3,4,1,3,2,2,2,4,1,1,1,1,2
44021,1,4,2,3,2,4,2,3,1,1,1,4,4,4,4,2,2
30207,1,3,3,2,4,3,1,1,2,4,2,3,1,1,1,1,9
25541,1,1,4,1,3,4,3,3,1,2,3,2,2,4,4,2,2
46607,1,4,1,3,3,4,4,3,4,2,2,2,1,2,2,1,2
15208,1,3,2,3,4,4,2,3,3,3,3,2,2,1,2,1,2
28138,1,4,4,2,2,4,2,1,1,1,4,1,1,1,1,2,2
12106,1,2,2,2,3,3,3,3,1,1,1,1,1,1,1,1,2
22216,1,3,3,3,3,3,8,3,3,1,4,4,1,4,2,1,1
24214,1,4,4,2,3,4,4,3,1,3,3,2,1,2,4,2,2
36203,1,4,2,3,4,3,3,3,3,2,3,3,1,2,2,2,2
51107,1,3,2,3,3,2,2,2,2,2,4,3,1,3,2,1,2
22220,1,3,2,2,2,4,1,1,2,2,3,1,1,2,1,2,2
48208,1,4,3,2,3,1,4,3,1,1,2,2,1,1,1,1,2
17145,1,3,2,2,2,3,3,3,1,1,1,2,1,1,1,2,1
26612,1,2,3,2,4,3,2,3,1,2,3,2,1,2,2,1,1
37010,1,4,2,3,4,1,4,3,2,2,4,3,1,2,4,1,2
17020,1,3,2,2,3,3,2,3,9,9,9,9,9,9,9,9,9
19213,1,3,4,3,4,3,4,1,2,1,1,2,1,1,2,2,1
19547,1,3,2,2,4,4,4,1,1,1,1,3,1,4,4,1,2
15516,1,2,3,2,4,4,2,3,2,1,3,4,1,2,2,2,2
17105,1,3,3,2,3,4,3,3,1,2,4,3,1,4,4,2,1
34613,1,3,2,3,4,2,2,3,3,2,3,2,2,1,2,1,1
24536,1,3,3,3,3,4,2,3,4,4,4,4,2,3,3,2,2
26167,1,2,3,4,4,3,2,3,1,1,4,4,1,4,4,2,2
18528,1,3,2,2,3,3,3,3,1,2,1,1,1,2,2,1,1
15747,1,3,1,2,3,4,4,3,3,2,2,2,1,1,3,1,2
23609,1,1,2,1,3,4,3,1,4,2,4,3,2,2,2,1,1
24523,1,3,3,3,3,3,3,3,2,2,4,4,2,2,4,2,2
15106,1,4,4,4,4,3,4,3,3,1,4,4,2,4,1,2,2
36003,1,4,3,1,1,4,3,3,2,1,2,1,1,2,2,2,2
25202,1,4,4,1,4,4,2,3,1,3,2,2,1,1,3,2,2
12144,1,2,2,3,2,2,2,1,2,1,2,1,1,3,3,2,1
17230,1,1,3,1,4,4,2,1,1,2,3,4,1,1,1,1,1
52131,1,4,3,4,4,4,3,1,1,2,4,4,1,1,4,1,1
15538,1,2,3,8,4,3,3,2,2,2,3,4,1,1,1,1,2
17136,1,3,3,3,3,3,3,3,2,2,3,3,2,2,2,2,2
37603,1,3,2,3,4,4,1,3,1,1,2,3,1,1,1,1,1
31613,1,3,1,1,3,4,3,3,4,1,2,1,2,1,1,2,1
15035,1,3,3,4,4,4,3,1,1,2,2,2,1,2,3,1,2
35601,1,3,1,4,4,4,3,1,2,9,2,3,1,4,2,2,2
40203,1,4,1,3,4,4,4,3,2,1,3,3,1,2,1,2,1
18645,1,3,2,2,3,3,2,1,1,1,3,4,1,1,2,1,2
49106,1,2,1,3,3,3,4,3,3,1,2,4,2,1,1,5,1
19606,1,4,2,2,1,4,2,1,2,1,2,2,2,2,2,1,2
23523,1,3,2,2,4,4,2,1,2,2,4,2,1,2,2,2,1
25527,1,2,2,1,4,3,2,2,1,1,4,4,2,1,1,1,1
23112,1,1,2,2,3,3,2,1,4,3,2,2,1,1,4,1,2
18619,1,2,3,3,3,3,2,1,1,1,4,1,1,1,1,2,1
26611,1,8,2,2,8,8,3,8,1,1,3,4,9,9,1,1,2
18624,1,3,1,2,3,4,2,2,2,2,2,2,1,4,4,1,2
26039,1,2,1,2,4,4,2,1,1,1,1,1,1,2,2,1,2
13634,1,3,1,1,3,3,4,1,2,2,3,2,1,1,1,1,2
28523,1,4,2,1,4,3,2,3,4,2,3,1,1,1,2,2,2
27527,1,2,1,2,3,3,2,3,4,2,3,2,2,2,2,2,2
24745,1,3,3,2,3,3,3,3,1,1,4,1,5,,,,1
12635,1,4,1,4,4,2,3,1,3,2,3,2,1,4,2,2,2
15218,1,4,4,3,2,3,4,1,1,2,3,2,1,3,3,8,2
22746,1,4,3,2,3,4,3,3,2,4,1,3,1,1,2,1,2
11007,1,1,2,1,2,3,3,3,2,2,3,1,1,2,2,1,2
33204,1,3,3,3,3,3,2,1,2,1,4,4,1,4,4,2,1
41707,1,3,2,1,3,4,3,3,3,2,4,4,1,1,2,1,2
18234,1,4,3,1,2,3,4,3,2,1,2,2,1,1,1,2,2
11233,1,3,2,1,1,4,4,1,2,1,2,4,4,1,1,2,1
24706,1,3,1,1,2,4,3,3,1,1,2,1,2,1,1,2,1
22712,1,3,2,2,4,3,3,3,2,3,4,4,1,1,2,2,1
26727,1,4,4,4,4,3,4,1,1,1,2,4,1,1,1,1,1
23620,1,2,1,1,1,4,4,1,2,1,3,2,1,1,1,1,2
51518,1,2,1,4,3,4,2,1,4,2,3,4,1,1,1,2,2
18149,1,3,3,3,4,4,2,3,1,1,2,1,1,1,1,2,2
11541,1,3,2,2,3,4,3,1,2,1,3,1,1,1,1,5,1
10626,1,3,2,2,4,4,3,1,2,1,3,1,1,2,2,1,2
12014,1,2,2,1,1,4,4,1,1,1,2,1,1,1,1,1,2
16753,1,3,3,1,3,4,1,3,2,2,4,3,1,1,1,2,2
18025,1,4,3,3,4,3,2,1,2,2,4,3,1,1,1,1,2
27660,1,3,3,1,3,4,4,1,1,3,2,3,1,1,1,1,2
26030,1,2,1,2,3,4,1,2,1,1,4,3,1,4,4,2,1
13207,1,4,1,4,3,4,2,1,4,1,2,2,1,3,2,5,2
27666,1,1,3,3,4,4,3,3,3,2,2,3,1,2,4,2,1
11724,1,3,2,2,3,4,4,1,1,1,2,1,1,1,3,1,2
38506,1,2,3,1,2,2,2,3,1,1,4,3,2,1,1,2,1
27727,1,4,4,4,4,4,4,3,1,1,3,3,1,3,4,1,2
13122,1,1,2,3,4,3,2,1,3,2,3,2,3,1,2,1,2
40501,1,4,4,3,4,3,4,3,1,1,1,4,4,1,4,1,2
52723,1,3,4,3,4,3,3,1,1,2,4,4,1,1,1,1,1
25057,1,3,1,2,3,3,3,3,4,1,4,2,2,2,2,1,2
11503,1,4,2,1,3,4,2,3,1,2,4,2,1,2,3,2,1
24023,1,3,1,1,4,4,1,1,2,2,2,2,1,2,2,2,2
27734,1,4,4,4,4,4,4,3,1,3,3,2,4,2,2,1,2
17211,1,3,3,2,4,3,2,3,2,2,3,3,1,4,2,2,2
21608,1,4,3,3,2,4,3,3,2,1,3,2,1,4,2,2,1
37111,1,1,4,4,4,3,4,2,2,2,3,4,1,4,1,1,1
25517,1,1,3,2,4,4,1,2,2,1,4,3,2,2,1,1,1
38604,1,4,2,4,3,4,4,1,2,1,3,3,1,4,1,2,1
17133,1,2,1,2,2,4,3,1,2,2,2,2,4,1,1,2,2
21613,1,1,3,2,3,1,2,1,1,1,2,2,2,3,4,2,2
52610,1,4,3,2,3,4,2,3,3,3,3,4,1,1,1,2,2
14709,1,1,2,1,1,4,3,3,1,1,1,2,1,1,1,2,2
10725,1,4,2,3,3,4,4,3,2,2,2,2,1,2,2,2,2
39110,1,2,1,3,3,4,2,3,3,2,2,1,1,1,1,1,2
26247,1,4,2,1,3,4,2,2,1,1,3,3,1,1,2,1,1
42705,1,3,4,4,3,4,2,1,1,2,2,1,1,1,1,1,1
40504,1,4,1,1,3,4,4,2,4,1,1,1,1,1,2,1,1
18759,1,3,3,3,3,3,3,3,2,1,4,4,1,4,2,1,1
18226,1,3,3,1,3,3,8,9,2,2,4,4,1,2,2,2,2
32611,1,3,3,4,3,4,1,3,4,3,3,4,1,2,2,2,1
11532,1,4,3,1,4,4,1,1,1,2,3,1,1,1,1,1,1
50611,1,4,4,1,4,4,3,2,3,3,3,4,2,1,2,1,2
24539,1,3,4,4,4,2,3,3,4,4,4,4,8,2,2,8,2
47705,1,3,4,3,3,4,2,3,2,1,1,2,1,2,2,1,2
14505,1,3,4,2,4,3,3,2,2,2,3,1,2,2,2,1,2
44715,1,2,1,4,4,4,1,3,2,1,2,1,2,4,9,1,2
20733,1,1,3,2,1,2,4,3,2,2,3,2,1,2,2,2,2
27539,1,3,2,3,2,4,2,3,2,2,4,1,2,2,2,2,2
19508,1,3,2,3,3,4,3,1,2,2,3,1,1,2,1,2,1
26040,1,2,2,3,4,4,2,1,1,1,4,3,1,2,2,1,2
19627,1,3,2,2,4,4,2,1,1,1,3,3,1,2,2,1,1
31505,1,2,3,4,3,3,2,1,2,1,3,1,1,1,1,1,2
27505,1,4,4,2,3,4,4,2,1,4,1,1,2,4,4,1,1
11127,1,2,3,1,3,3,3,1,2,2,3,3,2,2,2,1,2
31023,1,4,4,4,4,4,2,1,1,1,2,2,1,1,2,1,2
41508,1,3,2,3,3,3,2,3,2,2,4,2,1,2,4,2,2
52005,1,4,2,3,3,4,4,3,3,1,2,4,1,1,1,2,2
27054,1,3,2,3,4,4,2,1,2,2,3,9,1,2,2,2,2
26128,1,3,3,2,3,3,2,3,2,1,3,3,1,4,2,2,2
29119,1,3,1,4,3,4,2,1,2,2,3,2,1,2,1,1,2
22014,1,3,3,3,3,4,2,2,3,2,3,3,1,1,1,1,1
15722,1,4,1,1,1,3,2,1,2,2,2,1,1,1,1,1,2
38504,1,4,4,3,3,2,3,1,3,9,2,4,1,4,4,2,1
52112,1,3,2,3,2,1,3,3,2,2,2,4,1,2,4,1,2
13705,1,3,1,3,9,3,2,3,2,1,2,2,2,3,3,1,1
18040,1,4,4,4,4,4,3,3,1,1,3,3,2,2,2,8,2
33609,1,3,2,3,4,3,4,3,1,3,2,2,1,4,4,1,2
24148,1,1,2,4,4,4,3,3,1,1,3,3,1,4,4,2,1
22019,1,3,1,2,3,4,2,1,2,1,3,4,1,1,2,1,1
14536,1,2,1,4,4,4,2,3,3,1,2,2,2,1,2,1,2
17719,1,3,1,1,2,3,3,3,1,2,2,1,1,1,1,2,2
23642,1,4,1,4,4,4,3,3,2,2,2,2,1,4,4,2,1
28054,1,3,2,2,2,4,3,1,1,1,3,3,3,1,3,1,2
35503,1,3,1,3,4,4,2,3,2,2,2,3,2,1,1,1,2
22005,1,3,1,1,4,4,1,1,2,1,2,2,1,1,1,1,2
40506,1,3,2,2,4,4,2,3,2,4,2,3,1,1,2,1,2
11630,1,4,2,3,2,4,4,1,2,1,3,4,1,1,1,2,2
30707,1,1,3,4,4,4,2,3,2,2,5,1,1,1,2,1,2
12524,1,2,2,3,4,4,3,2,2,1,2,3,1,1,1,1,1
21501,1,4,4,2,4,3,3,3,2,1,4,2,1,1,1,2,2
52514,1,4,1,2,3,4,2,2,2,2,1,3,1,1,1,1,1
11618,1,3,2,2,4,4,4,1,2,1,3,2,1,1,1,1,2
51106,1,2,2,2,4,4,4,3,3,1,1,2,1,1,1,1,2
25728,1,3,3,4,4,4,1,2,2,1,3,1,1,2,2,2,1
14017,1,2,2,2,4,4,3,1,3,1,2,1,1,4,4,2,2
22756,1,3,3,2,3,4,2,3,2,3,2,1,1,1,4,1,2
27646,1,4,4,4,4,3,4,3,4,2,2,4,1,4,4,1,2
17235,1,3,3,3,3,4,4,3,4,2,2,4,1,2,4,1,1
10743,1,4,1,3,2,4,3,2,1,2,1,2,1,2,2,2,2
12704,1,3,2,4,2,4,3,3,2,2,3,3,1,2,2,1,2
35214,1,2,3,2,1,4,3,3,2,2,4,1,1,2,2,1,1
11542,1,2,1,1,3,4,2,1,2,2,2,1,1,1,1,2,1
52517,1,1,2,3,3,3,3,3,2,1,2,4,1,2,2,2,1
10203,1,1,1,3,2,4,3,3,1,1,2,2,1,1,2,2,2
20016,1,4,3,4,3,4,3,1,1,1,1,1,1,2,2,1,2
10524,1,4,2,3,3,4,2,1,2,2,2,2,1,1,1,2,2
15036,1,4,2,3,4,4,4,1,2,1,2,2,1,1,2,1,2
30709,1,4,3,4,4,4,4,1,2,1,3,1,1,1,4,1,2
26146,1,9,4,4,4,4,3,1,2,2,3,4,1,2,4,2,1
52123,1,1,1,3,2,4,4,1,1,1,1,1,1,1,1,2,2
25205,1,1,2,2,2,3,2,3,1,1,4,2,1,2,2,2,1
20139,1,4,3,2,2,4,4,1,1,1,2,3,1,2,2,2,2
26108,1,4,2,1,4,2,4,1,3,2,3,2,1,1,1,1,2
17503,1,2,2,1,3,4,1,3,1,1,2,1,1,2,2,5,1
23715,1,1,2,3,3,4,2,1,3,3,4,2,1,2,2,2,2
17501,1,3,2,1,2,4,3,3,2,2,2,3,1,1,1,2,1
12221,1,2,2,2,2,3,2,3,1,2,2,3,1,1,4,1,1
31212,1,3,3,2,4,4,3,1,1,2,3,2,1,1,1,1,1
36509,1,2,3,2,3,3,2,3,3,2,3,4,1,1,1,1,2
12133,1,2,1,2,4,4,2,3,1,1,2,3,2,1,2,1,2
38203,1,4,4,3,4,3,3,3,3,2,4,2,1,2,2,1,2
29610,1,3,3,1,3,4,3,3,2,2,3,2,1,1,1,1,1
47108,1,3,2,2,1,4,4,3,1,1,1,1,1,2,2,5,2
46104,1,3,1,3,3,3,2,3,1,1,1,2,1,4,3,2,1
16644,1,2,1,4,4,4,2,3,1,3,3,1,1,4,3,1,2
14243,1,2,2,1,3,3,3,1,3,2,2,3,1,2,2,1,2
28708,1,4,1,1,1,4,1,3,3,1,3,2,2,1,2,1,1
51103,1,3,1,8,3,4,4,3,4,2,2,2,1,1,2,1,2
20235,1,2,1,2,1,4,1,1,2,1,2,2,1,2,2,2,2
50706,1,3,3,4,2,3,4,3,3,1,1,1,1,2,2,1,1
28110,1,4,4,3,4,3,3,3,2,2,4,3,1,1,1,2,1
11144,1,3,3,2,4,3,2,1,1,1,2,4,1,2,2,2,1
24723,1,2,2,2,3,1,1,1,1,1,4,2,2,1,2,2,1
47208,1,2,3,2,4,1,1,1,4,3,2,2,1,2,2,2,2
21620,1,3,3,2,2,4,3,3,1,2,3,2,1,1,2,1,2
10702,1,4,1,1,4,3,3,3,2,2,2,2,2,2,2,1,2
10212,1,2,1,3,3,3,4,3,3,1,3,1,1,3,2,2,2
31211,1,2,2,2,3,4,2,3,2,2,3,2,1,1,2,1,1
21124,1,3,2,1,1,4,4,3,2,1,5,1,1,1,1,1,1
17203,1,2,1,2,3,4,2,2,1,1,3,3,1,2,2,2,2
11523,1,2,2,2,4,4,2,3,1,1,2,4,1,2,1,2,2
29118,1,4,3,1,4,2,3,1,2,2,3,4,3,1,1,1,1
47701,1,4,3,2,4,4,3,3,1,1,4,2,1,1,4,1,1
25207,1,4,2,3,4,4,3,3,3,2,4,3,1,2,2,1,1
23113,1,4,1,1,1,4,2,1,1,1,3,1,1,1,1,1,2
32701,1,2,4,3,4,3,3,9,2,1,3,3,1,2,3,2,2
23233,1,3,3,2,3,4,3,3,1,1,3,4,1,4,3,2,2
16501,1,3,1,2,2,4,3,3,1,1,1,1,1,2,2,2,2
15234,1,3,1,2,4,2,4,3,2,2,2,3,1,4,4,2,2
10636,1,2,4,1,4,3,1,1,3,2,1,2,1,3,3,2,2
39013,1,3,1,2,4,4,2,1,1,1,2,2,1,1,1,1,2
18537,1,3,3,4,4,4,2,1,2,1,4,2,1,2,2,2,2
20014,1,4,4,3,4,4,4,3,1,2,3,4,1,1,1,2,2
48511,1,3,1,1,2,4,2,3,1,3,4,3,1,1,2,1,2
20122,1,4,3,4,4,2,4,3,4,1,3,3,4,1,4,1,1
20035,1,3,1,3,4,4,3,3,4,3,2,2,1,2,2,2,1
13742,1,2,1,1,4,2,1,3,2,2,4,4,1,2,1,1,1
43111,1,3,2,2,2,3,4,3,2,1,1,1,1,2,1,1,2
27661,1,4,2,4,4,4,4,1,1,1,2,1,1,2,8,1,2
24742,1,3,2,2,3,4,2,3,3,3,4,4,1,2,2,1,2
15702,1,4,2,1,4,4,2,1,1,1,2,2,1,2,4,1,2
50214,1,4,3,1,4,4,2,1,1,1,3,3,1,1,1,1,1
44112,1,4,2,4,4,4,4,1,3,1,2,3,1,4,4,1,1
39608,1,4,1,1,2,3,3,3,2,2,3,4,1,2,2,2,1
17741,1,2,4,4,4,4,4,2,4,1,1,3,1,2,2,2,2
11222,1,4,3,3,4,3,4,3,2,2,3,2,1,2,3,1,1
16623,1,3,1,2,4,3,1,1,2,2,3,2,1,1,1,8,2
44105,1,4,2,2,3,2,4,1,2,2,1,1,2,2,2,1,2
37710,1,2,1,2,3,3,3,3,1,1,1,1,1,2,3,1,2
25727,1,3,4,2,4,3,3,2,2,2,2,2,1,1,2,2,2
35520,1,3,2,2,3,2,3,1,2,3,2,2,1,1,1,1,2
28715,1,3,2,1,2,4,3,1,3,2,2,2,1,2,1,1,2
28105,1,3,3,4,4,3,3,3,3,3,3,2,2,2,3,2,2
28655,1,4,1,1,3,4,3,3,2,2,2,1,1,1,1,2,8
28062,1,4,2,1,3,1,2,1,1,1,4,4,1,4,4,2,2
24034,1,3,1,3,2,4,2,3,2,2,3,3,1,2,2,1,1
25237,1,4,2,3,3,3,3,3,3,2,2,2,1,2,2,2,2
43708,1,4,2,3,4,4,2,3,2,2,3,4,1,1,1,1,2
38501,1,4,1,1,3,3,3,2,1,2,5,3,3,4,1,2,2
18729,1,3,4,3,4,3,2,3,3,3,4,1,2,2,2,1,1
28723,1,2,1,3,4,4,4,3,1,2,2,2,1,2,3,2,2
25213,1,3,3,1,3,2,1,3,1,3,2,3,1,2,2,1,2
14541,1,3,3,2,2,4,2,2,2,2,3,2,2,3,3,1,1
22737,1,4,3,1,4,4,3,3,2,2,4,2,1,2,2,1,1
22231,1,4,2,3,4,4,2,1,3,3,3,1,4,1,3,2,2
45514,1,2,2,2,3,3,2,1,3,1,2,1,1,2,2,1,2
52513,1,4,2,2,1,4,2,3,1,1,2,2,1,1,1,2,1
40102,1,2,3,3,3,2,2,3,2,2,3,3,1,2,2,1,2
19507,1,3,3,1,4,4,4,3,2,1,5,1,2,1,2,1,1
24525,1,3,3,3,3,3,3,3,4,4,4,4,8,2,2,8,2
24506,1,3,4,2,3,3,3,3,4,4,4,2,2,4,4,2,2
51609,1,2,2,3,4,2,4,3,1,1,1,2,1,3,2,1,1
12527,1,2,2,1,3,4,2,1,2,2,2,1,2,1,1,1,2
23104,1,3,2,3,4,4,3,3,2,1,2,2,1,1,1,1,2
12208,1,4,3,1,2,4,2,3,2,1,3,2,2,1,2,1,2
19526,1,3,2,1,3,4,4,3,2,3,5,1,1,2,2,1,1
16601,1,4,3,2,3,3,3,3,2,2,2,2,1,2,2,1,2
19724,1,3,9,3,4,3,3,3,1,1,3,3,1,2,2,1,2
19217,1,4,3,4,3,4,3,1,2,2,2,1,1,1,1,1,1
17647,1,2,1,1,2,4,3,3,2,2,5,1,1,2,1,2,1
30516,1,4,9,3,2,4,2,1,4,2,3,1,1,4,2,1,2
35525,1,3,3,4,4,4,4,3,2,1,3,3,1,2,2,1,2
33223,1,3,3,1,3,4,3,2,2,1,3,1,2,3,2,1,2
24734,1,2,2,1,4,2,2,3,4,2,4,3,1,1,1,1,1
43013,1,2,2,2,4,4,2,1,2,2,4,2,1,2,2,1,2
50216,1,4,2,3,4,4,3,1,2,1,2,2,1,1,1,1,1
13204,1,3,2,1,3,4,3,1,2,3,3,1,2,2,2,1,2
48611,1,4,4,4,1,1,4,3,1,1,3,2,1,1,1,1,1
33212,1,4,2,3,3,4,3,1,2,2,4,3,1,2,2,1,2
42210,1,3,3,2,3,4,1,1,3,2,4,3,1,2,3,2,2
36501,1,3,3,2,2,4,3,3,1,1,2,1,1,1,1,5,9
44712,1,3,3,3,3,4,3,3,1,1,3,1,2,2,2,1,2
47610,1,3,3,2,4,4,3,1,3,2,1,1,1,2,2,1,2
31205,1,4,2,2,3,4,1,3,2,2,3,2,1,2,2,1,2
10118,1,4,2,3,3,4,4,1,2,1,2,1,1,2,2,1,2
19501,1,4,2,1,2,4,2,1,2,1,1,1,1,2,2,1,1
13002,1,2,2,4,3,3,3,3,4,9,3,3,1,3,2,2,1
30610,1,3,3,2,3,3,3,3,1,1,2,2,1,2,3,1,2
27120,1,3,3,3,4,4,3,1,2,2,2,2,4,1,1,2,2
25241,1,4,3,3,4,4,3,2,2,2,4,2,2,2,3,1,2
17215,1,4,2,3,3,4,2,1,2,1,1,2,1,1,3,1,2
14124,1,4,1,3,1,4,2,3,3,2,3,1,1,1,1,1,1
12604,1,3,3,1,3,3,2,3,2,2,3,4,1,2,2,2,2
13115,1,9,2,3,4,9,9,1,1,1,1,2,1,1,4,1,1
25135,1,1,1,3,4,4,2,1,3,1,3,3,1,2,2,1,1
52611,1,3,2,1,3,4,3,1,1,1,2,2,1,1,1,1,2
35008,1,4,2,3,4,3,2,3,2,1,2,3,1,1,2,1,2
18153,1,3,3,4,4,4,3,3,1,1,2,1,1,1,3,1,2
22627,1,3,2,1,2,4,3,1,2,1,3,3,1,2,3,1,2
27511,1,4,4,2,3,3,4,2,1,2,3,1,1,1,2,1,2
25534,1,2,2,1,1,3,1,1,1,3,2,3,1,1,2,1,9
10136,1,3,4,2,4,1,3,3,1,1,3,4,1,4,4,1,9
15032,1,3,2,1,4,1,4,3,4,2,4,4,1,1,1,2,1
11239,1,4,3,1,2,4,3,1,4,1,3,1,1,1,1,1,1
25623,1,4,3,3,3,4,2,1,2,3,3,2,1,2,1,2,2
20502,1,3,4,3,4,4,1,3,1,1,2,4,1,2,2,1,1
25153,1,1,1,3,4,4,2,3,2,1,4,4,1,1,1,1,2
